Accession	Gene	Number of peptides	Confidence score	Protein molecular weight
P31119	aas 	3	69.91	80630.5781300003
P0ABD5	accA	23	1518.59	35201.29042
P0ABD8	accB	9	515.65	16658.41639
P24182	accC	22	1517.49	49271.3027300001
P0A9Q5	accD	14	786.95	33282.06852
P0A9G6	aceA	29	2552.73	47473.5765900001
P08997	aceB	35	2441.82	60217.5275900001
P0AFG8	aceE	65	4777.11	99587.9404200005
P06959	aceF	42	3417.98	66036.7765400002
P11071	aceK	2	37.03	67637.3835400001
P0A6A3	ackA	16	1200.9	43245.0701200001
P25516	acnA	35	2278.26	97597.7414100005
P36683	acnB	67	5415.41	93420.9457000004
P0A6A8	acpP	4	272	8616.21013
P24224	acpS	1	92.35	14025.51012
P37623	acpT	1	51.86	21736.02058
P0AE06	acrA	20	1453.08	42153.0772300001
P31224	acrB	22	1287.89	113482.915380001
P27550	acs 	33	2505.8	72030.2353200002
P32705	actP	6	269.14	59140.3819800001
P22333	add 	6	288.59	36356.7357
P23477	addB	1	49.42	134541.50385
P31441	ade 	3	117.1	63681.1324700001
P0A9Q7	adhE	56	4714.37	96048.6495800005
P39451	adhP	1	81.76	35339.05905
P69441	adk 	16	1181.98	23553.271
P0ACK2	agaR	6	400.29	29536.09198
P19926	agp 	16	917.99	45635.8562800001
P0AE08	ahpC	16	1311.23	20730.40145
P35340	ahpF	23	1633.26	56124.0808500002
P33224	aidB	2	89.29	60532.7505100001
P00957	alaS	59	4204.73	95954.6443800004
P25553	aldA	35	2959.89	52221.7168200001
P37685	aldB	29	1818.9	56252.4790600001
P04395	alkA	1	62.07	31355.13499
P0ACN4	allR	9	422.78	29233.2666
P39265	alsB	4	219.52	32871.13079
P36548	amiA	5	181.86	31374.88364
P26365	amiB	7	320.81	47937.8714100001
P75820	amiD	3	154.17	31035.06186
P0AE12	amn 	14	723.54	53943.3624100001
P00811	ampC	2	88.11	41511.40147
P13016	ampD	2	103.98	20505.15669
P0AE14	ampE	3	173.47	32083.28877
P0AD70	ampH	2	51.67	41804.3489400001
P69681	amtB	1	49.01	44467.4402700001
P26612	amyA	7	262.05	56585.3593800001
P77570	anmK	2	129.71	39453.35123
P0A962	ansA	8	293.14	37085.75937
P00805	ansB	1	69.43	36809.73585
P62672	apaG	2	64.13	13840.01621
P05637	apaH	1	37.38	31258.68847
P0AE22	aphA	1	83.1	26069.23615
P69503	apt 	10	626.4	19828.64708
P02924	araF	13	703.31	35500.25494
P0AAF3	araG	2	75.47	54965.4880800001
P0A9Q1	arcA	14	881.48	27256.91436
P0AEC3	arcB	7	241.87	87909.6409900003
P0A6C5	argA	13	692.5	49146.4765200001
P0A6C8	argB	18	1226.03	27124.47333
P11446	argC	10	822.36	35911.41235
P18335	argD	20	2022.81	43721.10429
P23908	argE	14	1225.28	42302.47015
P06960	argF	5	868.95	36785.42997
P0A6E4	argG	38	3414.28	49848.8173300001
P11447	argH	21	1537.11	50268.64352
P04391	argI	5	953.52	36865.4917
P0A6D0	argR	2	168.12	16965.84566
P11875	argS	21	1497.59	64623.8196500001
P09551	argT	18	1537.71	27956.24088
P77398	arnA	1	83.29	74224.1171700003
P77757	arnC	1	44.1	36297.80999
P0A6D3	aroA	23	1621.22	46048.45409
P07639	aroB	14	1081.55	38838.30699
P12008	aroC	9	697.91	39094.99499
P05194	aroD	11	562.06	27431.21147
P15770	aroE	7	646.79	29377.13756
P00888	aroF	16	1426.18	38761.41858
P0AB91	aroG	22	1873.03	37967.50301
P00887	aroH	9	427.67	38692.6325
P0A6D7	aroK	11	591.81	19508.09251
P0A6E1	aroL	4	284.98	19120.78656
P0AE28	aroM	3	119.52	24883.21341
P15993	aroP	6	325.77	49639.2828700001
P0AB96	arsC	1	41.12	15825.29134
P30859	artI	11	890.07	26894.72093
P30860	artJ	12	939.7	26794.65139
P0AAF6	artP	5	221.15	26986.97225
P0AE34	artQ	2	120.31	26182.12996
P0A9Q9	asd 	22	1909.93	39974.477
P28249	asmA	9	425.62	68902.0979200003
P00963	asnA	8	504.15	36609.75524
P22106	asnB	25	1533.91	62601.0838100001
P0ACI6	asnC	1	76.48	16858.87233
P0A8M0	asnS	23	1658.7	52519.4164400001
P0AC38	aspA	13	705.07	52304.5311200001
P00509	aspC	32	2186.52	43527.9976200001
P21889	aspS	33	2152.91	65853.6213200002
P0AE37	astA	2	90.62	38413.41491
P76216	astB	2	125.57	49249.8908500001
P77581	astC	14	1056.82	43619.9979000001
P76217	astD	8	492.13	52975.1647600001
P76215	astE	2	77.36	35759.41347
Q06065	atoC	2	65.56	52125.1855700001
P0ABB0	atpA	35	3144.25	55169.7366200001
P0AB98	atpB	3	168.12	30265.358
P0A6E6	atpC	9	946.26	15040.73788
P0ABB4	atpD	40	3586.2	50275.8193100001
P0ABA0	atpF	10	695.43	17235.28982
P0ABA6	atpG	25	1665.82	31539.27915
P0ABA4	atpH	12	909.64	19301.95116
P09053	avtA	11	617.43	46662.96822
P41407	azoR	7	593.26	21626.28299
P69228	baeR	6	259.46	27620.56338
P30847	baeS	2	104.62	51941.1690300002
P0AEC5	barA	3	101.84	102369.92113
P30843	basR	2	167.07	24997.14381
P30844	basS	1	63.03	40985.5738100001
P0AE52	bcp 	11	1054.97	17604.6859
P28246	bcr 	1	63.99	43305.6915000001
P17445	betB	8	498.77	52859.7374200001
P0ABD3	bfr 	8	484.42	18465.32013
Q46829	bglA	20	1010.33	55306.8490500001
P33363	bglX	20	944.75	83389.4519300005
P0AB40	bhsA	1	96.75	8791.53021
P12995	bioA	10	465.66	47286.45536
P12996	bioB	9	477.9	38605.23075
P13000	bioD	10	707.52	24106.3701
P12998	bioF	3	145.21	41550.25394
P13001	bioH	3	187.43	28468.85214
P06709	birA	2	130.77	35271.8493
P20099	bisC	8	387.24	85778.2747100003
P0A901	blc 	4	200.23	19821.07031
P0ABE2	bolA	5	409.25	11968.08703
P06129	btuB	18	1222.4	68347.3522700003
P06610	btuE	8	515.76	20438.34628
P0A9H5	btuR	4	212.66	21967.13764
P61517	can 	14	765.59	25062.79563
P0A6F1	carA	20	1749.98	41387.12046
P00968	carB	76	5713.41	117749.332790001
Q47083	cbl 	1	47.99	35815.80719
P36659	cbpA	8	446.81	34415.7121
P63264	cbpM	1	48.93	11487.01779
P06961	cca 	4	214.94	46419.98726
P69490	ccmE	2	43.72	17669.15683
P0ABF6	cdd 	8	623.32	31501.89874
P06282	cdh 	2	114.34	28414.64391
P0A9H7	cfa 	2	120.79	43862.65146
P0AE63	chaB	1	93.67	8921.34967
P69795	chbB	1	131.47	11401.1638
P17315	cirA	21	1253.95	73832.3494700004
P0ABH9	clpA	30	1922.72	84136.9188900004
P63284	clpB	5	3078.31	95507.9242800003
P63284	clpB	1	2706.07	95507.9242800003
P0A6G7	clpP	10	790.6	23153.61161
P0A6H1	clpX	21	1575.93	46309.17173
P0A6H8	cls 	7	565.18	54768.5458600001
P0A6I0	cmk 	7	483.42	24713.0717
P76290	cmoA	7	384.36	27740.85535
P76291	cmoB	2	136.7	36965.07974
P0A6I3	coaA	7	308.07	36319.00734
P0ABQ0	coaB	7	564.55	43392.67021
P0A6I6	coaD	5	304.92	17807.10425
P0A6I9	coaE	2	117.85	22589.85479
P75960	cobB	4	250.18	26681.42664
P36562	cobT	4	127.2	36945.23489
P25524	codA	13	919.66	47543.1758200001
P0AA82	codB	3	205.44	43603.2293200001
Q59385	copA	23	1729.28	87799.7986500004
P0ABI4	corA	7	514.78	36548.54499
P0AE78	corC	15	838.91	33259.53085
P08331	cpdB	16	855.28	70769.8169600002
P0CB39	cptA	11	449.44	66549.8440500002
P0AE82	cpxA	5	233.72	51573.9370100001
P0AE85	cpxP	7	365.26	18935.33096
P0AE88	cpxR	9	633.62	26277.7507
P0AE91	creA	3	124.42	17079.02378
P08368	creB	2	61.47	26090.80672
P24251	crl 	6	316.78	15626.98076
P0ACJ8	crp 	16	947.46	23607.36405
P69783	crr 	10	824.01	18221.73165
P76621	csiD	9	565.76	37318.85063
P54901	csiE	3	152.28	48991.4051500001
P0A9X9	cspA	3	264.21	7380.61749
P0A9Y6	cspC	4	380.48	7379.75048
P0A968	cspD	3	92.57	7945.88707
P0A972	cspE	5	287.89	7440.80325
P69913	csrA	3	199.84	6833.64357
P15078	cstA	10	637.86	75037.5652600003
P36649	cueO	5	265.96	56501.4153800001
P38054	cusA	27	1574.55	114616.028440001
P77239	cusB	20	1319.71	44259.1752400001
P77211	cusC	14	984.87	50220.6139600001
P77214	cusF	5	346.66	12225.27043
P0ACZ8	cusR	11	510.28	25360.46757
P77485	cusS	8	499.78	53686.0332400001
P67826	cutC	6	582.64	26726.4102
P00936	cyaA	3	88.16	97506.1895600005
P27838	cyaY	4	183.04	12205.80259
P0AAE0	cycA	2	144.34	51607.2606900001
P0ABJ9	cydA	9	557.53	58149.0484300001
P0ABK2	cydB	2	157.62	42406.9616200001
P23886	cydC	7	358.41	62862.6806500002
P29018	cydD	5	236.27	64997.2851500001
P0ABJ1	cyoA	12	874.65	34870.5555
P0ABI8	cyoB	7	488.1	74300.3418100003
P16676	cysA	19	1186.7	41015.48876
P0A9F3	cysB	9	473	36109.85116
P0A6J1	cysC	6	435.35	22289.51644
P21156	cysD	17	1019.85	35147.8827
P0A9D4	cysE	8	432.73	29280.00172
P0AEA8	cysG	4	210.23	49901.9983300001
P17854	cysH	12	552.74	27940.45168
P17846	cysI	34	2450.48	63939.9350300002
P38038	cysJ	31	2618.05	66210.8661400001
P0ABK5	cysK	23	2368.1	34450.28634
P16703	cysM	12	740.9	32625.48081
P23845	cysN	21	1373.07	52508.0195300001
P16700	cysP	16	951.1	37573.27827
P22255	cysQ	11	522.14	27140.68135
P21888	cysS	16	1018.23	52150.62339
P16701	cysU	2	181.36	30254.2464
P0AEB0	cysW	1	87.09	32498.35892
P0ACN7	cytR	2	83.55	37777.32841
P0AEB2	dacA	13	1090.3	44397.6698300001
P24228	dacB	5	315.28	51747.5300500001
P08506	dacC	18	1602.7	43563.3392100001
P0A6J5	dadA	14	805.03	47559.0476000002
P29012	dadX	7	465.28	38801.9209
P11557	damX	15	856.22	46116.34117
P0A6L2	dapA	14	1016.91	31232.09735
P04036	dapB	14	787.82	28720.56121
P0A9D8	dapD	16	1201.87	29855.42579
P0AED7	dapE	6	263.7	41224.8347
P0A6K1	dapF	2	119.65	30171.18908
P28248	dcd 	6	341.36	21217.97047
P0AED9	dcm 	5	174.85	53413.3030100001
P24171	dcp 	23	1645.46	77448.9569200002
P0AEE1	dcrB	11	674.83	19757.12484
P0A830	dctA	7	525.93	45388.7442000001
P0ABN5	dcuA	2	119.65	45702.8333300001
P76316	dcyD	10	455.28	35113.19951
P0A6J8	ddlA	10	502.13	39273.2616500001
P07862	ddlB	5	321.28	32800.79555
P76128	ddpA	9	506.31	57587.1851800001
P0A9P6	deaD	13	1142.93	70484.6208400004
P09549	dedD	3	87.83	22906.23661
P0A6K3	def 	5	284.4	19298.2689
P0C0V0	degP	25	1875.87	49305.4489600002
P39099	degQ	12	911.94	47158.1467000001
P0AEE3	degS	5	213.77	37539.88162
P07650	deoA	11	691.79	47159.0389000001
P0A6K6	deoB	20	1273.95	44323.9440000001
P0A6L0	deoC	14	986.16	27698.32324
P0ABP8	deoD	19	1401.17	25915.01852
P0ACK5	deoR	2	113.39	28511.57257
P0A6P5	der 	21	1062.34	54983.4506000002
B6WQ64	DESP	2	37.74	33121.53576
P0ABN1	dgkA	2	144.64	13218.0734
P31460	dgoR	2	112.66	26045.27197
P15723	dgt 	4	165.55	59327.4740400001
P76015	dhaK	14	886.98	38173.1362200001
P76014	dhaL	6	415.78	22599.29494
P37349	dhaM	16	990.41	51398.26995
Q47150	dinJ	2	116.51	9381.99717
P31680	djlA	5	311.01	30541.54864
Q46857	dkgA	11	824.85	31072.23036
P30863	dkgB	5	309.2	29400.44699
P0ABS1	dksA	11	905.83	17498.7338
P06149	dld 	33	1881.71	64553.6021200001
P76251	dmlA	2	85.92	40271.11044
P69853	dmsD	5	300.61	23311.73668
P03004	dnaA	9	384.64	52500.2329900001
P0ACB0	dnaB	11	512.49	52339.6988900001
P0AEF0	dnaC	3	161.05	27899.10527
P10443	dnaE	3	163.91	129804.097950001
P08622	dnaJ	11	572.44	41056.4720200001
P0A6Y8	dnaK	55	4595.02	69054.4744400002
P0A988	dnaN	9	514.95	40542.71128
P0A8J2	dnaT	2	63.37	19425.00867
P06710	dnaX	5	251.13	71075.36174
P0AA89	dosC	4	214.22	53126.6320800002
P0AEF4	dpiA	1	38.07	25419.22105
P23847	dppA	38	2352.03	60237.2395200001
P0AEF8	dppB	2	107.33	37454.16911
P0AAG0	dppD	10	601.94	35803.4273
P37313	dppF	10	591.2	37518.44931
P0ABT2	dps 	14	1022.7	18665.72624
P0AEG4	dsbA	8	428.61	23071.69653
P0A6M2	dsbB	2	86.67	20110.56132
P0AEG6	dsbC	6	410.99	25586.89691
P77202	dsbG	5	263.88	27459.24651
P00926	dsdA	2	68.07	47852.1381200001
P0A6M4	dtd 	5	182.84	15921.98499
P32695	dusA	8	379.23	36768.40073
P06968	dut 	6	386.13	16127.24139
P45568	dxr 	5	242.88	43341.90222
P77488	dxs 	12	681.38	67555.7918200001
P06846	ebgR	3	154.12	36169.89052
P0ADB7	ecnB	1	148.05	4788.51531
P23827	eco 	1	72.68	18162.39088
P0A955	eda 	13	858.96	22251.88875
P0ADF6	edd 	2	44.81	64579.7842700002
P0A6N4	efp 	7	538.51	20560.41097
P0AEH5	elaB	6	457.79	11280.81214
P0ABU5	elbB	4	181.68	22948.79863
P27303	emrA	6	304.79	42691.6195400001
P0C960	emtA	3	161.55	22194.43952
P0A6P7	engB	6	433.25	23528.17928
P0ABU2	engD	13	923.32	39624.2595100001
P0A6P9	eno 	20	2417.56	45608.4106900001
P15047	entA	6	302.52	26215.26623
P0ADI4	entB	7	408.78	32515.26281
P0AEJ2	entC	4	178.94	42886.8798100001
P10378	entE	9	497.62	59057.1205000001
P11454	entF	7	388.39	141883.565410001
P0A9B6	epd 	7	351.12	37258.20669
P30845	eptA	1	85.21	61609.6826600001
P37661	eptB	3	128.71	63745.5205900001
P06616	era 	5	255.25	33770.76018
P39176	erfK	7	392.76	34371.6386
P0ACC3	erpA	2	99.51	12074.75582
P0AEJ6	eutB	3	169.83	49353.6387600001
P19636	eutC	2	53.06	31743.39396
P76541	eutL	3	157.31	22755.48307
P0ACZ4	evgA	3	145.33	22657.79834
P0ABU7	exbB	4	414.15	26252.84497
P0ABV2	exbD	7	312.72	15498.88005
P0ACL2	exuR	4	224.17	29798.93423
P0A6Q3	fabA	9	531.97	18938.6743
P0A953	fabB	25	2253.93	42568.0533800001
P0AAI9	fabD	6	696.44	32378.37752
P0AAI5	fabF	17	1387.76	43000.5527500001
P0AEK2	fabG	12	1158.44	25526.19579
P0A6R0	fabH	12	1181.14	33475.97062
P0AEK4	fabI	20	1468.99	27828.04478
P21151	fadA	12	907.72	40831.62496
P21177	fadB	23	1316.79	79525.4298800004
P69451	fadD	24	1422.8	62274.4531400002
Q47146	fadE	28	1987.86	89149.7810500004
P42593	fadH	11	526.66	72614.3157200002
P76503	fadI	12	641.19	46483.1404900001
P77399	fadJ	11	576.42	77005.7293500003
P10384	fadL	2	166.19	48493.5180400001
P0A8V6	fadR	5	286.29	26933.91284
P0AB71	fbaA	21	2098.86	39104.59675
P0A991	fbaB	3	232.77	38067.1599900001
P0A993	fbp 	13	765.18	36792.64622
P13024	fdhE	7	339.94	34706.33649
P32176	fdoG	2	136.47	112549
P0A9R4	fdx 	8	513.93	12304.8297
P80668	feaB	2	36.72	53647.3010600001
P05825	fepA	11	846.81	82038.4754900005
P0AEL6	fepB	4	181.69	34243.99555
P23878	fepC	2	45.78	29747.48938
P0AGD7	ffh 	22	1315.87	49737.2225800001
P06971	fhuA	8	321.16	82113.2938700006
P07821	fhuC	2	80.03	28850.06916
P20605	fic 	4	291.07	22927.44971
P69380	fieF	1	36.69	32888.18695
P31697	fimC	1	45.18	26653.86317
P0A6R3	fis 	4	382.6	11214.75515
P75780	fiu 	14	833.75	81891.9087500006
P0A9L3	fklB	8	462.36	22184.50613
P45523	fkpA	8	546.75	28846.14416
P0AEM0	fkpB	2	147.59	16052.92141
P61949	fldA	3	325.24	19706.53052
P0AEM4	flgM	3	198.43	10316.29653
P04949	fliC	7	522.25	51246.5609500002
P0AEM9	fliY	24	1991.23	29003.20238
P39180	flu 	25	2206.35	106742.981570001
P23882	fmt 	6	394.66	34128.84631
P0A9E5	fnr 	4	315.26	27931.33827
P0AC23	focA	2	102.1	30951.9479
P0ABQ4	folA	9	555.61	17969.89353
P08192	folC	10	705.12	45359.4308900001
P24186	folD	11	894.93	31006.32562
P0A6T5	folE	15	1087.13	24796.90762
P26281	folK	1	83.35	18049.36747
P0AFS3	folM	1	59.87	26313.56662
P0AC13	folP	6	250.41	30577.67761
P0AC19	folX	6	342.65	14055.38764
P28861	fpr 	10	527.01	27715.30712
P00363	frdA	18	1070.28	65911.6493300002
P0AC47	frdB	7	324.2	27087.16048
P0AEN1	fre 	10	620.31	26207.32303
P25437	frmA	14	1052.15	39315.8581100001
P0AAP3	frmR	4	223.46	10293.31707
P0A805	frr 	16	986.15	20607.85322
P04335	frsA	12	653.89	46960.5554200001
P20966	fruA	6	282.97	57463.6442900001
P69811	fruB	9	640.75	39605.5113200001
P0AEW9	fruK	8	454.89	33716.33963
P0ACP1	fruR	5	317.88	37957.7114200001
P0A998	ftnA	5	377.82	19393.38241
P0ABH0	ftsA	16	1034.08	45283.45163
P0A6S5	ftsB	2	93.28	11596.94527
P0A9R7	ftsE	3	164.27	24405.87198
P0AAI3	ftsH	37	2106.24	70645.4092000002
P0AD68	ftsI	8	351.43	63819.4997900002
P46889	ftsK	8	418.39	146553.5019
P29131	ftsN	7	412.15	35753.37745
P0AC30	ftsX	6	431.66	38501.30717
P10121	ftsY	15	1054.24	54461.9073400001
P0A9A6	ftsZ	34	2820.99	40280.55906
P69922	fucI	3	182.52	64916.8889700002
P0A9S1	fucO	4	215.36	40600.70263
P0AC33	fumA	38	3016.68	60242.5617500001
P05042	fumC	15	1060.24	50438.7100000001
P0A9A9	fur 	8	567.48	16766.34053
P0A6M8	fusA	48	4787.46	77514.4752300004
P37147	fxsA	1	101.5	17662.46555
P25526	gabD	21	1419.2	51669.6068600001
P22256	gabT	18	1374.75	45727.4928300001
P69908	gadA	1	1126.88	52633.13916
P69910	gadB	1	1138.77	52616.14498
P09147	galE	13	603.04	37223.63088
P0AAB6	galF	19	1477.28	32790.12707
P0A6T3	galK	10	593.92	41397.83668
P0A9C3	galM	14	1064.45	38148.75888
P0AEP1	galP	1	56.34	50930.9705400001
P0AEP3	galU	20	1492.38	32902.99162
P0A9B2	gapA	32	2087.93	35492.2309
P23522	garL	2	99.84	27349.15986
P0ABQ2	garR	9	688.55	30389.81841
P69828	gatA	9	683.07	16878.77273
P37188	gatB	7	724.45	10197.27069
P69831	gatC	9	496.85	48315.1664600001
P0A9S3	gatD	10	768.96	37348.25439
P0C8J6	gatY	15	809.13	30774.55511
P0C8J8	gatZ	22	1527.22	47060.7694100001
P15877	gcd 	16	748.17	86673.8120100005
P05852	gcp 	7	307.31	35967.52524
P0A9F6	gcvA	2	62.27	34362.11053
P0A6T9	gcvH	2	162.52	13784.63774
P33195	gcvP	26	1819.92	104291.742270001
P0A9I3	gcvR	5	488.45	20737.48421
P27248	gcvT	10	541.28	40103.1916000001
P00370	gdhA	39	2627.78	48532.35541
P18956	ggt 	15	669.8	61711.2289500002
P75913	ghrA	10	502.17	35303.17335
P37666	ghrB	16	901.78	35355.05266
P37330	glcB	23	1351.76	80419.8571300003
P0ACL5	glcC	2	44.73	28790.28432
P52073	glcE	1	36.35	38318.46988
P52074	glcF	1	35.87	45063.3046500001
P0A9S5	gldA	7	354.67	38669.68853
P37747	glf 	14	744.84	42920.75887
P0A6U8	glgA	9	496.32	52771.0654600001
P07762	glgB	12	615.07	84265.7717400004
P0A6V1	glgC	16	934.63	48648.4803000001
P0AC86	glgP	19	782.28	93096.0971500003
P26649	glgS	1	46.89	7868.60495
P15067	glgX	7	309.2	73512.4661200003
P0A6V8	glk 	13	728.17	34682.97956
P31120	glmM	23	1535.85	47495.5337400001
P17169	glmS	32	2914.09	66834.6190600002
P0ACC7	glmU	13	711.91	49141.5752700002
P0A9C5	glnA	35	3009.61	51852.71686
P0A9Z1	glnB	6	238.82	12399.5981
P27249	glnD	16	718.38	102307.94002
P30870	glnE	11	708.87	108332.14427
P0AFB8	glnG	7	351.79	52204.2551700001
P0AEQ3	glnH	20	1353.58	27155.19991
P0AC55	glnK	3	187.8	12233.6764
P0AFB5	glnL	4	263.62	38514.2687100001
P0AEQ6	glnP	4	161.79	24330.54365
P10346	glnQ	5	411.9	26696.11147
P00962	glnS	32	2113.32	63419.7825700002
P0AC81	gloA	4	148.06	14892.51473
P0AC84	gloB	6	375.06	28398.34858
P13035	glpD	9	436.81	56697.0699700001
P0A6F3	glpK	17	1196.2	56177.2502500001
P09394	glpQ	1	85.36	40799.2649600001
P0ACL0	glpR	3	251.28	28012.40604
P0A9C9	glpX	8	421.63	35811.62041
P77454	glsA	1	69.3	32864.53833
P0ABH7	gltA	30	2401.14	47965.8935700001
P09831	gltB	78	5880.97	163176.31528
P09832	gltD	32	2056.56	51964.0155700001
P37902	gltI	24	2111.51	33381.16628
P0AAG3	gltL	2	141.96	26625.89416
P21345	gltP	3	144.59	47110.8219900001
P04805	gltX	29	2000.42	53763.7895800001
P0A825	glyA	33	2952.31	45269.9625100001
P00960	glyQ	12	769.78	34734.16
P00961	glyS	49	3976.6	76746.9657800002
P63224	gmhA	12	741.46	20783.61786
P63228	gmhB	5	319.59	21262.52226
P60546	gmk 	8	574.25	23560.01565
P77334	gmr 	1	43.91	74600.5055800003
P00350	gnd 	33	2967.63	51431.30094
P0AC92	gnsA	4	278	6553.42733
P77695	gnsB	4	369.58	6525.5481
P0ACP5	gntR	3	155.87	36380.82496
P39835	gntT	2	58.7	45917.8507600001
P06715	gor 	18	1146.48	48723.6315300001
P32662	gph 	4	232.47	27353.99481
P62707	gpmA	13	917.8	28520.74385
P0A7A2	gpmB	11	603.86	24032.25041
P37689	gpmI	18	1323.38	56140.2840600001
P25552	gppA	10	539.36	54818.6041600001
P0A6S7	gpsA	11	671.05	36320.64479
P0A9M5	gpt 	7	655.07	16941.77839
P68066	grcA	8	411.33	14257.42275
P0A6W5	greA	9	622.9	17612.06622
P30128	greB	3	96.59	18497.54848
P0A6F5	groL	43	3997.66	57274.6748300001
P0A6F9	groS	7	386.04	10362.57251
P09372	grpE	11	760.01	21766.1539
P68688	grxA	4	187.82	9660.76081
P0AC59	grxB	11	619.69	24316.69694
P0AC62	grxC	5	301.34	9113.62373
P0AC69	grxD	5	470.54	12852.46558
P0A6W9	gshA	12	681.77	58214.2673000001
P04425	gshB	15	1028.59	35520.25741
P75796	gsiA	6	292.81	69052.4095700003
D9IX93	gsiB	13	737.39	56416.7328800001
P75798	gsiC	2	133.48	34026.18337
P0AEW6	gsk 	7	267.2	48400.0814700001
P0AES0	gsp 	16	1039.35	70469.4003200002
P0A9D2	gst 	14	761.03	22835.83157
P04079	guaA	37	2738.5	58623.8648300001
P0ADG7	guaB	22	1631.99	51972.0116600001
P60560	guaC	16	1279.78	37341.7954
P0AES2	gudD	1	72.03	49091.5773700001
P17115	gutQ	5	208.61	33991.64548
P0AES4	gyrA	40	2403.41	96885.4029400005
P0AES6	gyrB	33	2161.96	89875.8785200003
P33012	gyrI	2	94.89	18051.78217
P31658	hchA	16	938.83	31152.59493
P0AES9	hdeA	2	213.28	11832.1397
P0AET2	hdeB	3	146.24	12016.98866
P0A8R9	hdfR	3	140.84	31708.40875
P0AET8	hdhA	7	380.85	26743.57852
P15038	helD	13	573.71	77909.4908600003
P0ACB2	hemB	17	852.96	35583.87097
P06983	hemC	10	460.23	33812.80201
P09126	hemD	2	82.75	27762.46373
P29680	hemE	11	480.6	39204.89119
P0ACB4	hemG	5	211.53	21194.86359
P23871	hemH	3	98.25	35843.27231
P23893	hemL	18	1066.34	45318.36911
P32131	hemN	4	269.19	52677.6732200001
P09127	hemX	15	839.84	42918.90191
P0ACB7	hemY	7	462.58	45198.8272000001
P46118	hexR	4	202.55	31937.35128
P0ABC3	hflC	16	1002.86	37608.49134
P25746	hflD	7	515.94	22915.1599
P0ABC7	hflK	17	1176.72	45499.0795100001
P25519	hflX	15	1013.97	48279.34506
P0ACE3	hha 	2	99.71	8604.45853
P0ACE7	hinT	4	275.15	13214.88763
P23874	hipA	1	53.54	49226.7174400001
P10371	hisA	14	1041.35	25998.573
P06987	hisB	17	1320.05	40234.2579700001
P06986	hisC	15	1037.06	39317.2863400001
P06988	hisD	13	840.05	46063.6169500001
P60664	hisF	10	972.92	28418.56168
P60757	hisG	18	1120.28	33327.35988
P60595	hisH	8	621.16	21620.82603
P06989	hisI	5	356.69	22723.48932
P0AEU0	hisJ	17	1446.37	28447.63566
P0AEU3	hisM	1	49.44	26834.42819
P07109	hisP	9	637.15	28617.07416
P52094	hisQ	3	177.88	24615.27278
P60906	hisS	22	1334.91	46982.0102800001
P76341	hiuH	1	69.78	15432.0562
P67910	hldD	20	1414.23	34853.12923
P76658	hldE	18	1000.22	51000.7071700001
P24232	hmp 	7	350.57	43822.01281
P0AEV1	hnr 	3	123.12	37260.5008200001
P0ACF8	hns 	9	980.81	15512.02414
P28631	holB	2	147.15	36895.11788
P0A9M2	hpt 	9	596.78	20084.39054
P43329	hrpA	13	626.08	148917.16937
P37024	hrpB	1	38.65	89073.9373200003
P0A6Z1	hscA	16	1034.49	65594.0187000002
P0A6L9	hscB	3	280.31	20107.15818
P08957	hsdM	13	652.1	59251.5028500002
P08956	hsdR	5	223.5	133993.580450001
P05719	hsdS	5	219.28	51345.4136700001
P52644	hslJ	2	121.15	15137.58295
P0A6Y5	hslO	9	709.43	32495.88996
P0ACG8	hslR	1	96.63	15468.26447
P0A6H5	hslU	25	1357.47	49544.8437700001
P0A7B8	hslV	3	142.42	19062.96341
P0AB20	hspQ	1	54.44	11753.87245
P0A6Z3	htpG	31	2000.89	71360.3389400002
P23894	htpX	2	74.42	31884.55363
P0ACV0	htrB	3	113.38	35365.35059
P0ACF0	hupA	4	395.21	9511.17791
P0ACF4	hupB	4	389.23	9201.98388
P37595	iaaA	2	93.55	33354.63774
P0C054	ibpA	3	164.76	15746.08541
P0C058	ibpB	1	52.73	16065.15753
P0AEW4	icc 	2	130.36	30900.59204
P08200	icd 	39	3283.11	45709.4678700001
P0A8S1	iciA	7	366.5	33432.49089
P16528	iclR	3	133.46	29702.3942
Q46822	idi 	1	84.32	20477.22272
P0A6X7	ihfA	11	541.71	11328.95837
P0A6Y1	ihfB	6	442.97	10626.51305
P00956	ileS	50	3424.52	104212.539620001
P04968	ilvA	13	1043.1	56141.7210100001
P08142	ilvB	20	1411.74	60383.7731400001
P05793	ilvC	63	4920.65	54016.2670500001
P05791	ilvD	20	1145.3	65471.8322900002
P0AB80	ilvE	10	858.15	34054.10848
P00894	ilvH	11	627.36	17947.67665
P00893	ilvI	20	1329.62	62925.9768100001
P0ADF8	ilvN	10	699.28	11080.60733
P05827	ilvY	1	56.7	33165.28966
P69222	infA	4	293.8	8226.3118
P0A705	infB	7	4655.1	97272.3260200004
P0A707	infC	14	1050.65	20533.04237
P0CE49	insH	3	178.24	39284.07353
P37326	intS	1	52.11	44015.08113
B1VC82	IPF_	1	36.25	22440.46564
P0AAN9	iraP	2	141.43	9913.19326
P0AAC8	iscA	3	124.32	11530.68237
P0AGK8	iscR	4	428.34	17307.89682
P0A6B7	iscS	39	2618.94	45042.9196900001
P0C0L9	iscX	1	73.77	7708.63154
P22939	ispA	3	137.52	32121.51571
P0AD57	ispB	5	274.27	35176.70652
Q46893	ispD	5	328.63	25703.19589
P62615	ispE	2	71.69	30887.82837
P62617	ispF	2	106.2	16868.82668
P62620	ispG	16	970.24	40640.3609400001
P62623	ispH	6	361.58	34734.93615
P0A710	ispZ	2	40.12	20758.42257
P0AD59	ivy 	7	570.78	16843.30219
P21179	katE	7	521.58	84092.4239600003
P13029	katG	36	2451.69	79956.1143500004
P0AB77	kbl 	9	473.52	43071.72819
P31069	kch 	2	65.7	46015.2067100001
P37647	kdgK	7	441.1	33923.04409
P76268	kdgR	10	693.61	29992.45783
P21865	kdpD	1	88.14	98638.9449000003
P0A715	kdsA	22	1473.17	30794.90121
P04951	kdsB	7	447.32	27579.08508
P0ABZ4	kdsC	1	48.83	19966.50451
P45395	kdsD	9	701.54	35155.07892
P37769	kduD	1	48.28	27034.84392
P77338	kefA	8	396.48	127117.353830001
P03819	kefC	1	47.13	67734.0783600002
P0A756	kefG	4	142.55	20926.61292
P0AEX3	kgtP	4	225.9	47003.4446200001
P63183	kup 	1	56.86	69231.0233600002
P02943	lamB	3	156.2	49862.5810800001
P37005	lasT	6	365.75	25225.08769
P76008	ldcA	4	223.92	33528.2494
P52095	ldcC	2	91.26	80520.3587900002
P52643	ldhA	10	532.83	36493.43166
P60785	lepA	20	1219.3	66510.3492600001
P00803	lepB	11	509.23	35919.47649
P09151	leuA	32	2356.61	57244.0913800001
P30125	leuB	17	1102.96	39474.00703
P0A6A6	leuC	20	1476.29	49832.0422200001
P30126	leuD	8	422.9	22455.24259
P07813	leuS	43	2532.37	97153.2842800005
P0A7C2	lexA	7	361.68	22325.88481
P60955	lgt 	1	71.03	33068.23984
P37339	lhgO	3	104.71	46034.5087200001
P15042	ligA	17	853.35	73542.2855700002
P60716	lipA	8	451.41	36030.34041
P60720	lipB	3	110.68	23849.28176
P22731	livF	10	552.64	26275.61303
P0A9S7	livG	9	564.51	28390.87056
P0AD96	livJ	25	2621.36	39033.9819
P04816	livK	19	1571.63	39335.8700500001
P22729	livM	4	184.62	46221.0050100001
P33232	lldD	12	649.91	42682.9454
P23930	lnt 	4	189.19	57011.1926900001
P61316	lolA	7	423.88	22465.15845
P61320	lolB	9	495.3	23517.96895
P0ADC3	lolC	3	189.92	43217.91251
P75957	lolD	4	270.85	25404.21205
P75958	lolE	3	135.83	45297.1592700001
P0A9M0	lon 	36	2394.62	87364.8048700004
P0A9P0	lpdA	29	2402.88	50638.5834100001
P32099	lplA	4	221.57	37884.06634
P45464	lpoA	19	1036.81	72761.9712300002
P0AB38	lpoB	6	543.94	22483.39362
P69776	lpp 	6	351.12	8300.2889
P0ADV1	lptA	4	291.71	20096.38618
P0A9V1	lptB	8	612.68	26766.07681
P0ADV9	lptC	1	125.05	21671.13798
P31554	lptD	28	2045.84	89597.2060100003
P0ADC1	lptE	5	313.17	21325.06865
P0AF98	lptF	5	328.46	40313.6055
P0ADC6	lptG	3	112.56	39574.75967
P0A722	lpxA	5	355.56	28044.39864
P10441	lpxB	4	191.96	42337.17116
P0A725	lpxC	8	502.97	33916.22523
P21645	lpxD	10	729.31	35997.37746
P36771	lrhA	7	333.35	34553.72226
P0ACJ0	lrp 	15	727.91	18857.02597
P77257	lsrA	4	171.89	55768.5244300001
P76142	lsrB	5	494.26	36643.90248
P76143	lsrF	11	807.68	31854.09188
P64461	lsrG	1	53.35	11229.62576
P77432	lsrK	13	606.52	57490.0486700001
P75823	ltaE	8	310.04	36453.59645
P45578	luxS	9	496.29	19385.61224
P00861	lysA	10	838.46	46130.4126200001
P08660	lysC	21	1627.7	48483.4393100001
P25737	lysP	3	197.61	53522.9686100002
P03030	lysR	1	107.76	34325.23234
P0A8N3	lysS	26	2535.36	57549.1281100001
P0A8N5	lysU	8	991.45	57772.1411700001
P77791	maa 	2	110.4	20065.24705
P75830	macA	3	180.33	40580.9433900001
P75831	macB	4	141.77	70640.0842300003
P26616	maeA	23	1706.47	63139.2490400002
P76558	maeB	48	3482.64	82346.7829500003
P23917	mak 	6	356.18	32461.33074
P0AEX9	malE	22	1762.99	43342.36867
P02916	malF	1	89.67	56958.5929300001
P68187	malK	8	355.53	40946.59286
P03841	malM	8	446.13	31905.64602
P00490	malP	29	1682.47	90447.6135800004
P15977	malQ	6	405.58	78435.2377700001
P06993	malT	5	255.15	103035.89913
P23256	malY	2	86.93	43595.7040500001
P21517	malZ	3	130.37	69110.2718900001
P00946	manA	13	818.07	42804.99234
P69797	manX	14	883.62	35007.49034
P69801	manY	2	115.51	27599.68299
P69805	manZ	9	436.4	31264.58442
P0AE18	map 	18	1198.54	29293.90197
P0AE70	mazF	1	41.69	12072.17366
P0AEY3	mazG	2	128.44	30375.18521
P76114	mcbR	1	42.29	25117.27524
P0AEY5	mdaB	8	441.05	21858.93304
P61889	mdh 	26	2505.79	32299.20422
P39401	mdoB	9	452.56	85422.5475700005
P40120	mdoD	11	479.87	62699.5893200001
P33136	mdoG	23	1563.11	57858.1170600002
P62517	mdoH	10	595.18	96856.9425600004
P76397	mdtA	2	114.1	44419.3535100001
P06720	melA	1	46.07	50606.2338900001
P0ABU0	menB	12	611.16	31594.51617
P37353	menE	1	47.02	50134.8816700001
P38051	menF	1	36.77	48716.0877200001
P0C0T5	mepA	1	41.29	30099.43575
P07623	metA	13	852.22	35686.96076
P00935	metB	10	722.97	41506.4841900001
P06721	metC	11	1021.79	43167.0094100001
P25665	metE	58	4982.54	84602.8090500003
P0AEZ1	metF	23	1576.05	33063.77233
P00959	metG	34	2172.93	76188.1004100002
P13009	metH	47	3090.09	135893.612450001
P31547	metI	3	250.79	23222.84957
P0A8U6	metJ	6	319.96	12115.13483
P0A817	metK	26	2057.39	41907.1862
P00562	metL	28	1798.7	88814.6310900003
P30750	metN	13	927.92	37746.71445
P28635	metQ	16	1450.88	29395.54573
P0A9F9	metR	1	47.39	35588.55525
P30958	mfd 	30	1304.34	129883.27728
P0AAG8	mglA	13	767.71	56361.4537500002
P0AEE5	mglB	25	1899.08	35672.35627
P23200	mglC	2	120.05	35509.23597
P0A731	mgsA	4	455.83	16889.74062
P0ABB8	mgtA	10	575	99384.8448700005
P77569	mhpR	3	105.23	31284.44117
P16384	miaA	6	274.77	35025.15434
P0AEI1	miaB	16	1038.23	53611.1107300002
P18196	minC	4	203.98	24741.87589
P0AEZ3	minD	18	1184.13	29577.61181
P0A734	minE	7	515.19	10210.47912
P03817	mioC	6	444.81	15779.90774
P0A908	mipA	7	699.53	27795.47595
P76506	mlaA	4	159.22	28005.73403
P64602	mlaB	3	273.94	10655.59462
P0ADV7	mlaC	10	641.05	23929.47447
P64604	mlaD	10	781.21	19546.14199
P64606	mlaE	4	213.28	27827.06062
P63386	mlaF	5	199.89	29060.05549
P50456	mlc 	1	51.98	44270.2548400001
P0A935	mltA	8	367.4	40367.13776
P41052	mltB	3	128.27	40212.24573
P0C066	mltC	5	259.18	40069.49319
Q47690	mmuM	7	401.97	33383.85831
Q47689	mmuP	2	97.77	50474.5659600001
P25745	mnmA	15	1113.97	40915.58427
P77182	mnmC	2	108.99	74368.8589500001
P25522	mnmE	14	997.52	49182.6297700001
P0A6U3	mnmG	17	790.97	69459.7383700001
P0A9F1	mntR	4	131.06	17611.22461
P0AEZ9	moaB	10	801.63	18635.49217
P0A738	moaC	6	393.78	17437.96509
P30748	moaD	3	215.83	8734.43069
P30749	moaE	4	193.2	16952.51163
P32173	mobA	4	168.23	21610.99557
P32125	mobB	1	45.43	19333.10377
P37329	modA	8	433.21	27329.30548
P09833	modC	1	57.66	39059.97064
P0A9G8	modE	7	381.32	28245.76234
P31060	modF	12	619.89	54484.3167900002
P12281	moeA	9	750.65	44021.5614000001
P12282	moeB	2	44.86	26683.37614
P0AF03	mog 	4	139.8	21191.02051
P0ACV6	mpaA	4	128.06	26523.23108
P37773	mpl 	7	372.79	49824.1121700001
P77348	mppA	9	513.06	59844.8587000001
P0ACR9	mprA	6	361.51	20532.28755
P33940	mqo 	5	234.65	60173.8238300001
P0A6W3	mraY	2	55.03	39830.5550200001
P22186	mraZ	3	182.04	17356.92635
P02918	mrcA	16	865.42	93559.4076500005
P02919	mrcB	10	545.88	94215.3874200004
P0AD65	mrdA	4	120.03	70794.4378400002
P0A9X4	mreB	17	1527.7	36911.03451
P16926	mreC	5	188.89	39487.79943
P0AF08	mrp 	12	675.86	39894.51587
P24202	mrr 	3	176.71	33481.23996
P60752	msbA	14	693.72	64401.5979000002
P24205	msbB	1	39.93	37368.31401
P0A742	mscL	8	725.3	14929.15587
P0C0S1	mscS	8	608.07	30858.6734
P0A744	msrA	7	404.17	23282.05418
P0A746	msrB	7	351.75	15423.22096
P25738	msyB	6	487.15	14232.26887
P76346	mtfA	7	414.04	30242.07969
P00550	mtlA	21	1656.79	67910.6114000002
P09424	mtlD	17	1309.19	41095.47588
P0AF12	mtnN	5	545.8	24320.56199
P0A9H1	mug 	6	283.4	18643.80808
P22523	mukB	42	2257.77	170107.55576
P22524	mukE	6	414.7	26939.5778
P60293	mukF	8	424.47	50529.6168
P0A749	murA	18	1219.93	44771.4645400001
P08373	murB	5	194.44	37809.27369
P17952	murC	12	799.21	53574.3631000001
P14900	murD	5	340.55	46925.8416400001
P22188	murE	16	1062.97	53291.9355700001
P11880	murF	6	495.31	47399.59944
P17443	murG	6	385.01	37772.88165
P22634	murI	6	208.37	30964.21429
P77272	murP	1	48.37	49751.3043700001
P76535	murQ	5	348.52	31182.14441
P23367	mutL	5	159.02	67863.65578
P05523	mutM	2	100.33	30252.88552
P23909	mutS	11	596.72	95169.1382400004
P17802	mutY	1	58.54	39105.98291
P75931	mviM	2	111.34	33642.19711
P0AF16	mviN	1	51.9	55213.2178800001
P11458	nadA	5	309.01	38198.18573
P10902	nadB	6	284.05	60281.3597200001
P30011	nadC	7	502.2	32723.94863
P0A752	nadD	1	42.03	24494.56589
P18843	nadE	20	1622.01	30599.77658
P27278	nadR	5	115.72	47297.7538
P0AF18	nagA	9	510.78	40905.1121100001
P0A759	nagB	7	398.22	29737.06131
P0AF20	nagC	6	342.91	44495.5609600001
P0AF24	nagD	8	576.18	27127.68109
P09323	nagE	17	1085.6	68284.8981500002
P75959	nagK	3	79.9	33003.5642
D0EX67	nagZ	9	414.5	37552.86975
P0A6L4	nanA	3	147.94	32554.82139
P0A761	nanE	2	89.37	24040.45142
P39371	nanM	3	95.08	39529.6386000001
P0A8W0	nanR	2	75.84	29488.0806
P0AF28	narL	8	689.73	23893.68135
P31802	narP	2	80.43	23542.38514
P19319	narZ	2	75.17	140119.500590001
P00393	ndh 	20	1619.98	47310.6325900001
P0A763	ndk 	9	696.03	15435.78265
P50465	nei 	1	58.96	29808.48926
P77258	nemA	5	230.78	39474.11065
P68739	nfi 	2	103.56	24638.84252
P38489	nfnB	12	713.25	23872.20471
P0A6C1	nfo 	3	231.4	31441.66786
P17117	nfsA	9	604.77	26765.85039
P63020	nfuA	7	476.78	20966.31212
P0AFA7	nhaB	2	59.86	56673.4099700001
P0ACD4	nifU	9	772.34	13821.84619
P0A6Z6	nikR	3	229.43	15066.51645
P04846	nlpA	9	623.72	29387.44815
P0A903	nlpB	22	1486.29	36801.60236
P0ADA3	nlpD	6	414.91	40106.35568
P40710	nlpE	3	103.97	25809.50572
P0AFB1	nlpI	4	274.13	33581.82179
P21420	nmpC	2	187.84	40259.3680100001
P00452	nrdA	30	1762.07	85703.2081200002
P69924	nrdB	11	623.1	43471.7066300001
P28903	nrdD	5	225.81	79954.1210200004
P39452	nrdE	2	48.8	80410.2770600003
P37146	nrdF	2	85.56	36402.07787
P0A8D0	nrdR	2	91.58	17199.80889
P0AF63	nsrR	2	88.82	15565.12518
P0AB83	nth 	1	50.55	23529.40171
P32664	nudC	5	219.86	29651.80095
P45799	nudE	4	365.58	21121.78293
Q93K97	nudF	2	134.91	23634.09928
P37128	nudK	4	179.12	21717.06677
P0AFC7	nuoB	8	387.77	25021.38614
P33599	nuoC	27	2049.78	68174.5317800002
P0AFD1	nuoE	7	517.64	18560.16361
P31979	nuoF	20	1165.5	49242.93959
P33602	nuoG	34	2049.02	100217.968270001
P0AFD4	nuoH	3	132.45	36176.95551
P0AFD6	nuoI	6	315.09	20506.12496
P0AFE0	nuoJ	2	72.34	19843.77058
P0AFE4	nuoK	1	46.57	10819.97948
P33607	nuoL	2	93.14	66376.1889300002
P0AFF0	nuoN	1	57.79	51992.0467600001
P0AFF2	nupC	7	367.89	43429.2965100001
P0AFF4	nupG	1	62.07	46340.0637300001
P0AFF6	nusA	32	2810.69	54819.0625900001
P0A780	nusB	7	267.12	15661.27427
P0AFG0	nusG	14	820.44	20500.46283
P42641	obgE	7	710.44	43240.69916
P0A910	ompA	22	1663.01	37159.64679
P06996	ompC	5	419.87	40325.3643400001
P02931	ompF	7	423.9	39291.0602400001
P0AA16	ompR	21	1100.36	27318.15933
P09169	ompT	18	1180.48	35522.27435
P0A917	ompX	2	140.27	18572.91003
P23843	oppA	34	2419.63	60842.9136400002
P0AFH2	oppB	2	73.94	33403.19892
P0AFH6	oppC	3	206.71	32982.33712
P76027	oppD	6	361.67	37145.94441
P77737	oppF	7	371.89	37155.62253
P0A784	orn 	8	331.66	20784.47498
P0ADA7	osmB	1	225.67	6925.61897
P0C0L2	osmC	8	584.38	15060.65425
P0ADB1	osmE	9	740.92	11994.89181
P33362	osmF	9	503.88	32571.10535
P0AFH8	osmY	9	830.61	21042.86046
P31677	otsA	9	585.73	53559.7813100001
P31678	otsB	3	227.98	29138.91131
P25714	oxaA	17	1402.26	61468.3758100001
P0ACQ4	oxyR	10	637.1	34235.73131
P76086	paaX	5	219.94	35254.60123
P00903	pabA	1	56.63	20740.60435
P28305	pabC	1	44.21	29677.93562
P0A912	pal 	12	1190.81	18794.22893
P31057	panB	15	1037.28	28201.38237
P31663	panC	18	1126.88	31559.67743
P0A9J4	panE	1	48.39	33831.33232
P0AFI2	parC	16	963.48	83760.4413900003
P20083	parE	13	534.01	70181.7439900001
P42588	patA	11	527.56	49611.49687
P0AFI5	pbpG	3	161.2	33847.68281
P22259	pckA	29	2131.29	59587.9957500001
P0A7A5	pcm 	5	276.98	23225.31917
P0ABF1	pcnB	9	450.16	53819.0553200001
P0ACL9	pdhR	1	37.61	29389.36331
P19624	pdxA	6	396.15	35073.53746
P05459	pdxB	22	1439.68	41323.77299
P0AFI7	pdxH	9	481.83	25511.16439
P0A794	pdxJ	8	745.81	26349.544
P40191	pdxK	4	176.46	30810.14428
P77150	pdxY	6	392	31284.10111
P68767	pepA	24	1762.54	54826.9666100001
P37095	pepB	4	194.59	46133.26021
P15288	pepD	20	1472.18	52864.1421900002
P0A7C6	pepE	6	402.9	24536.95979
P04825	pepN	34	2127.17	98838.7226400003
P15034	pepP	15	1066.67	49766.1139000001
P21165	pepQ	21	1329.82	50126.3264600001
P29745	pepT	14	954.43	44876.79994
P0A796	pfkA	14	1044.44	34801.68622
P06999	pfkB	10	694.66	32417.84255
P0A9N4	pflA	7	255.73	28167.96651
P09373	pflB	57	4811.68	85284.7241000005
P0A6T1	pgi 	31	2174.37	61472.9951300001
P0A799	pgk 	35	2877.21	41074.6237100001
P52697	pgl 	12	610.31	36266.85229
P36938	pgm 	29	2051.7	58306.4691200001
P0ABF8	pgsA	3	111.42	20669.0513
P0A9J8	pheA	16	1157.89	43066.38398
P24207	pheP	1	116.58	50625.8959500001
P08312	pheS	24	1740.91	36790.65689
P07395	pheT	48	3514.05	87305.3873100004
P0AFJ1	phnA	1	66.97	12318.96123
P16681	phnB	3	142.41	16142.71835
P0AFJ5	phoB	2	79.44	26398.404
P0A9K1	phoH	2	79.64	39221.9471600001
P23836	phoP	15	831.42	25501.27781
P23837	phoQ	4	118.31	55246.8134600001
P0A9K7	phoU	13	700.46	27381.7359
P0AFJ7	pitA	5	309.7	53336.3957400002
P0A921	pldA	4	223.12	33124.18765
P0A7A7	plsB	24	1331.88	91305.4865500002
P26647	plsC	3	103.57	27417.49715
P27247	plsX	3	83.27	38172.48086
P0AFK0	pmbA	21	1650.04	48321.3938000001
P37590	pmrD	1	63.68	9845.97225
P21369	pncA	2	123.84	23329.25303
P18133	pncB	17	1118.1	45850.3461400001
P05055	pnp 	44	2730.34	77034.9779700004
P07001	pntA	23	1414.81	54570.5236800001
P0AB67	pntB	13	952.21	48673.5116100001
P00582	polA	35	2127.23	103035.51661
P69874	potA	9	510.05	42982.9867800001
P0AFK6	potC	1	114.53	29073.66195
P0AFK9	potD	13	836.85	38824.47978
P31133	potF	12	911.04	40795.98173
P31134	potG	7	315.86	41885.69734
P0A8N7	poxA	1	65.98	36934.39682
P07003	poxB	17	928.36	61953.5499400001
P0A7A9	ppa 	6	245.03	19673.02389
P00864	ppc 	73	5144.62	98982.2346400003
P0AFL3	ppiA	9	580.09	20400.38325
P23869	ppiB	12	695.07	18123.88314
P0A9L5	ppiC	7	264.2	10207.4459
P0ADY1	ppiD	29	1964.18	68089.7502500002
P0A7B1	ppk 	17	912.61	80363.1906500002
P0A7B3	ppnK	3	232.03	32527.79527
P23538	ppsA	36	2107.03	87361.6002700003
P31992	pptA	1	71.68	8649.39596
P0AFL6	ppx 	5	291.06	58081.1516700001
P43671	pqiB	2	46.21	60464.4960900001
P31828	pqqL	6	304.79	104573.71026
P23865	prc 	29	1771.5	76597.6994100003
P0A7I0	prfA	10	417.74	40474.19405
P07012	prfB	15	847.27	41207.29926
P0A7I4	prfC	20	1362.41	59518.3068200001
P07013	priB	1	45.99	11416.79899
P23862	priC	2	120.89	20344.80503
P0AEX5	prkB	4	232.03	32305.49054
P27298	prlC	31	1939.11	77100.6250000003
P0A8T1	prmA	5	339.58	31838.89513
P07004	proA	19	1398.29	44584.1808100001
P0A7B5	proB	16	1228.46	39014.45918
P0A9L8	proC	7	472.79	28108.48308
P0C0L7	proP	8	422.89	54792.0755500001
P45577	proQ	11	905.6	25858.62351
P16659	proS	40	2940.57	63634.6829400002
P0AFM2	proX	3	203.06	35981.90441
P77541	prpB	4	306.19	32096.4598
P31660	prpC	7	307.67	43057.02009
P77243	prpD	12	954.18	53899.4627700001
P77674	prr 	9	650.4	50779.9052700001
P0A717	prs 	21	1769.45	34178.69451
P0A8K1	psd 	12	709.13	35893.65515
P0AFM4	psiF	3	218.86	11660.93151
P0AFM6	pspA	10	808.98	25459.21011
P0AFM9	pspB	2	114.22	8739.60149
P23857	pspE	3	160.65	11450.0187
P23830	pssA	16	1100.25	52750.7619600001
P07654	pstA	1	84.6	32282.40632
P0AAH0	pstB	8	431.92	28990.77068
P0AG82	pstS	10	631.18	36983.0841
P33025	psuG	2	61.36	32871.36329
P0A9M8	pta 	34	2516.45	77105.8825400002
P0A7D1	pth 	9	424.78	21051.07365
P05458	ptrA	12	684.22	107622.673190001
P69786	ptsG	16	1289.34	50625.7475200001
P0AA04	ptsH	7	696.9	9095.72664
P08839	ptsI	43	3656.17	63503.8951700001
P69829	ptsN	4	382.35	17930.42797
P37177	ptsP	14	696.86	83644.7427200003
P0A7D4	purA	26	2002.3	47297.2862500001
P0AB89	purB	25	1610.62	51492.5953600001
P0A7D7	purC	21	1387.35	26959.72675
P15640	purD	16	1289.78	45893.14698
P0AG18	purE	5	543.25	17751.20248
P0AG16	purF	18	1267.79	56434.5951700001
P15639	purH	36	2636.6	57274.9865100001
P09029	purK	5	346.44	39418.26516
P15254	purL	72	5024.07	141295.898390001
P08178	purM	12	1067.83	36812.62949
P08179	purN	3	264.27	23205.81467
P31466	purP	2	74.72	46816.9207400001
P0ACP7	purR	19	1107.2	38132.24798
P33221	purT	21	1244.84	42389.00585
P37051	purU	17	1084.56	31896.52381
P09546	putA	16	699.06	143707.397810001
P07117	putP	3	102.12	54290.6298400001
Q5H777	puuA	4	223.49	53125.2257600001
P37906	puuB	2	109.5	47121.7564400001
P23883	puuC	3	111.09	53367.4345700001
Q5H776	puuD	4	199.48	27977.37842
Q5H772	puuE	5	307.05	44682.75437
P0A9U6	puuR	2	54.92	20061.16312
P21599	pykA	24	1975.19	51306.6691900001
P0AD61	pykF	39	3164.94	50679.2453600001
P0A786	pyrB	22	2051.84	34387.75071
P05020	pyrC	22	1318.96	38784.58103
P0A7E1	pyrD	25	1520.63	36733.3769
P0A7E3	pyrE	2	99.96	23534.17999
P08244	pyrF	12	902.26	26315.46192
P0A7E5	pyrG	27	1948.39	60318.0593800001
P0A7E9	pyrH	13	824.98	25935.5313
P0A7F3	pyrI	11	802.17	17091.87674
P0AA53	qmcA	8	477.35	33703.72147
P28304	qorA	16	1207.15	35132.52887
P39315	qorB	7	512.43	29697.29065
P52076	qseB	1	44.68	24644.06256
P0A7F9	queA	5	247.33	39388.02367
P77756	queC	8	426.52	25479.74638
Q46920	queF	7	435.45	32549.27527
P76062	racR	2	127.13	17634.15454
P24554	radA	8	471.6	49422.5737100001
P0AD49	raiA	7	355.17	12758.61652
P60240	rapA	21	1149.03	109682.69162
P0AAZ4	rarA	3	93.81	49577.22431
P31473	ravA	4	251.09	56335.5709800001
P0A7G2	rbfA	13	760.32	15126.78278
P04983	rbsA	9	702.01	54988.7237700001
P02925	rbsB	18	1574.8	30913.36533
P0AGI1	rbsC	2	124.26	33412.39622
P0A9J6	rbsK	7	388.22	32252.84507
P64530	rcnR	3	100.47	10109.49097
P69407	rcsB	8	544.73	23637.75191
P14376	rcsC	4	101.93	106420.82675
P39838	rcsD	17	799.73	100291.5654
P69411	rcsF	6	555.25	14136.20807
P52061	rdgB	5	358.88	21007.85524
P36767	rdgC	9	653.86	33953.48385
P0C0K3	rdoA	2	67.06	38078.10676
P0A7G6	recA	13	1195.28	37931.55831
P08394	recB	2	53.13	133856.90542
P07648	recC	2	114.06	128747.94716
P21893	recJ	3	137.74	63330.9144800002
P0A7H6	recR	2	193.26	21930.86701
P0AG20	relA	9	626.15	83805.0908000003
P0C079	relB	2	86.62	9047.79287
P09980	rep 	3	136.89	76957.5756900002
P27127	rfaB	1	57.86	40781.69901
P24173	rfaC	2	119.69	35503.6634
P37692	rfaF	6	226.7	38999.06083
P25740	rfaG	4	174.91	42239.46311
P0AFW0	rfaH	3	121.57	18310.62435
P25741	rfaP	2	106.41	30834.52198
P25742	rfaQ	2	82.36	38687.9925
P27240	rfaY	2	154.51	27425.62615
P27241	rfaZ	2	40.88	32881.15791
P37759	rfbB	18	1175.88	40515.2662
P37745	rfbC	4	199	21238.76459
P37760	rfbD	11	409.64	32655.66505
P27833	rffA	6	385.82	41856.1013500001
P27830	rffG	5	255.43	39710.89535
P0A8J8	rhlB	15	917.87	47078.4480500001
P25888	rhlE	5	221.34	49940.7991800001
P0AG30	rho 	30	2217.6	46956.5901300001
P0A7I7	ribA	7	293.88	21804.17238
P0A7J0	ribB	4	216.77	23320.5293
P25539	ribD	10	380.69	40294.80788
P0AFU8	ribE	12	685.48	23412.01845
P0AG40	ribF	10	465.04	34694.52422
P61714	ribH	11	1070.16	16128.57221
P41409	rihA	1	65.2	33783.39389
P22564	rihC	2	124.04	32521.71177
P0A944	rimI	1	59.13	16581.3683
P0A948	rimJ	1	58.83	22655.34703
P13857	rimL	3	133.57	20649.48074
P0A7X6	rimM	7	448.03	20574.28939
P45748	rimN	5	322.82	20736.68585
P0AEI4	rimO	8	524.74	49532.38803
P0A8A8	rimP	6	250.15	16622.51589
P36999	rlmA	3	136.67	30381.21113
P63177	rlmB	9	568.32	26521.8074
P0C0R7	rlmE	6	305.88	23302.1049
P75782	rlmF	2	89.3	34186.48259
P42596	rlmG	1	38.09	42286.79116
P0A8I8	rlmH	3	150.2	17312.14939
P75876	rlmI	9	573.16	44310.82805
P75864	rlmL	14	714.03	78786.5034200002
P0ADR6	rlmM	6	245.97	41860.12425
P36979	rlmN	7	314.22	43039.9801800001
P10100	rlpA	6	323.65	37486.83992
P37765	rluB	9	557.16	32673.39599
P0AA39	rluC	15	710.81	35986.35384
P33643	rluD	10	632.55	37080.22944
P32684	rluF	5	144.37	32438.40849
P0AFW2	rmf 	4	188.56	6485.25379
P61887	rmlA	2	199.7	32695.83335
P37744	rmlA	14	952.46	32654.70736
P21338	rna 	5	296.21	29580.708
P30850	rnb 	32	2105.37	72427.2250200003
P0A7Y0	rnc 	9	423.87	25516.29773
P09155	rnd 	2	71.64	42688.9198300001
P21513	rne 	46	3137.04	118106.877120001
P77611	rnfC	3	173.99	80103.9212800002
P77285	rnfG	2	103.87	21880.35735
P0A9J0	rng 	11	662.86	55311.4508700001
P0A7Y4	rnhA	3	136.33	17567.83941
P0AFW4	rnk 	3	355.86	14899.54592
P0A7Y8	rnpA	2	88.04	13762.65097
P21499	rnr 	32	2009.74	92033.5040600005
P30014	rnt 	5	265.78	23489.59336
P0A8V0	rnz 	3	148.34	32890.88317
P0ACI0	rob 	11	599.02	33105.8406
P27434	rodZ	10	899.11	36151.39435
P0AFW8	rof 	2	208.06	9455.67371
P0AG07	rpe 	6	422.37	24520.63986
P0CG19	rph 	2	96.56	24391.49325
P0A7Z0	rpiA	12	720.2	22827.97901
P0ACS7	rpiR	3	82.87	32323.62427
P0A7L0	rplA	21	1440.69	24696.286
P60422	rplB	21	1536.87	29824.00117
P60438	rplC	17	1059.12	22211.83448
P60723	rplD	10	789.57	22054.85068
P62399	rplE	23	2176.29	20270.69129
P0AG55	rplF	13	978.62	18874.15082
P0A7R1	rplI	13	927.02	15741.46941
P0A7J3	rplJ	9	550.61	17682.37957
P0A7J7	rplK	8	633.44	14847.87444
P0A7K2	rplL	10	726.36	12269.50186
P0AA10	rplM	14	1020.05	15990.53156
P0ADY3	rplN	10	803.9	13514.43986
P02413	rplO	9	587.88	14953.31259
P0ADY7	rplP	6	512.26	15253.44869
P0AG44	rplQ	10	564.53	14337.64689
P0C018	rplR	6	361.87	12743.92073
P0A7K6	rplS	11	641.85	13107.18035
P0A7L3	rplT	10	580.9	13470.66136
P0AG48	rplU	7	317.5	11539.18454
P61175	rplV	10	1036.72	12200.75881
P0ADZ0	rplW	4	201.85	11174.21232
P60624	rplX	8	758.84	11291.29914
P68919	rplY	10	646.09	10668.70954
P0A7L8	rpmA	5	380.37	9100.87084
P0A7M2	rpmB	8	503.87	8982.86292
P0A7M6	rpmC	3	436.12	7250.97238
P0AG51	rpmD	8	370.63	6519.63478
P0A7M9	rpmE	5	389.73	7847.90539
P0A7N4	rpmF	4	421.43	6424.42095
P0A7N9	rpmG	4	228.81	6349.6092
P0A7P5	rpmH	2	73.08	5359.06597
P0A7Q1	rpmI	1	67.48	7266.26326
P0A7Q6	rpmJ	1	44.92	4343.43911
P0A7Z4	rpoA	25	1855.57	36471.13747
P0A8V2	rpoB	93	6590.92	150520.27583
P0A8T7	rpoC	98	6596.3	155045.00795
P00579	rpoD	20	1229.96	70201.2244500002
P0AGB6	rpoE	5	313.27	21664.26101
P24255	rpoN	11	685.58	53938.3898900001
P13445	rpoS	16	1289.61	37930.72627
P0A800	rpoZ	8	699.53	10212.37872
P0AG67	rpsA	46	3826.92	61102.7043000002
P0A7V0	rpsB	18	1195.6	26708.79452
P0A7V3	rpsC	18	1386.42	25949.15933
P0A7V8	rpsD	16	1084.05	23436.61845
P0A7W1	rpsE	14	1350.07	17574.31673
P02358	rpsF	14	1008.83	15675.59882
P02359	rpsG	20	1244.87	19988.68708
P0A7W7	rpsH	13	782.81	14099.51014
P0A7X3	rpsI	10	538.94	14829.0118
P0A7R5	rpsJ	8	562.89	11710.39634
P0A7R9	rpsK	8	588.94	13818.36297
P0A7S3	rpsL	6	345.34	13710.49079
P0A7S9	rpsM	9	608.18	13073.26157
P0AG59	rpsN	4	253.95	11555.25364
P0ADZ4	rpsO	6	265.95	10244.49567
P0A7T3	rpsP	6	495.07	9166.93958
P0AG63	rpsQ	3	309.62	9680.27267
P0A7T7	rpsR	4	220.18	8962.83604
P0A7U3	rpsS	7	567.71	10405.70428
P0A7U7	rpsT	4	312.04	9660.30985
P68679	rpsU	7	368.74	8476.71577
P0A8R0	rraA	8	435.22	17331.58603
P0AF90	rraB	3	153.08	15575.03289
P0AFX4	rsd 	3	153.51	18213.43979
P0AFX7	rseA	3	189.46	24287.99697
P0AFX9	rseB	6	256.27	35709.28651
P0AEH1	rseP	5	165.1	49022.4098600001
P39286	rsgA	6	574.1	39150.93052
P06992	rsmA	4	248.13	30382.61031
P36929	rsmB	9	544.27	48299.0164800001
P39406	rsmC	6	303.99	37583.10489
P0ADX9	rsmD	5	178.53	21646.15383
P0AGL7	rsmE	5	227.68	26943.02532
P0A6U5	rsmG	3	107.88	23398.35848
P60390	rsmH	10	603.47	34838.18791
P67087	rsmI	12	909.96	31310.56676
P0AFR0	rssA	1	50.55	33028.14004
P52108	rstA	7	294.18	26668.97888
P18392	rstB	2	55.39	49233.4532400002
P0AA43	rsuA	9	478.81	25831.22795
P0A809	ruvA	2	129.16	22053.72413
P0A812	ruvB	5	172.68	37132.36379
P0AFY2	sanA	1	56.74	27251.4063
Q47622	sapA	1	38.42	61508.4128700001
P0AAH4	sapD	1	58.32	37618.44779
Q2A0K9	sbcB	2	92.25	53429.9225100001
P13458	sbcC	5	178.39	118630.96786
P0AG78	sbp 	11	734.77	36618.84053
P0AAD6	sdaC	2	116.98	46856.8675500001
P0AC41	sdhA	34	2805	64363.0869100002
P07014	sdhB	19	1215.27	26734.23452
P69054	sdhC	4	271.11	14271.78771
P0AC44	sdhD	2	104.96	12841.03993
P10408	secA	41	3148.83	101940.93351
P0AG86	secB	7	419.55	17248.23475
P0AG90	secD	22	1429.96	66572.6758800003
P0AG96	secE	2	85.34	13616.70772
P0AG93	secF	7	351.23	35341.59237
P0AG99	secG	4	317.44	11339.85638
P0AGA2	secY	12	711.55	48462.1802300001
P0A821	selA	16	835.5	50557.49581
P14081	selB	18	1014.19	68806.6434900002
P16456	selD	17	1155.92	36645.68535
P0AFY8	seqA	6	272.58	20284.49411
P0A9T0	serA	21	1615.43	44130.04277
P0AGB0	serB	5	295	35002.29891
P23721	serC	21	1547.73	39739.97191
P0A8L1	serS	24	1409.75	48365.5221800001
P39364	sgcQ	3	176.45	29317.84306
P76350	shiA	2	81.07	47767.92342
P76502	sixA	1	42.35	17178.5693
P0AEU7	skp 	5	467.41	17659.27147
P0C093	slmA	8	309.94	22804.05574
P37194	slp 	6	534.82	20932.71853
P0AGC3	slt 	9	430.16	73288.8195200003
P0A8W2	slyA	3	282.4	16324.93091
P0A905	slyB	9	781.71	15574.05822
P0A9K9	slyD	8	566.35	20821.68491
P0AGC7	smp 	1	43.04	24049.86809
P0A937	smpA	2	175.48	12276.16819
P0A832	smpB	5	245.08	18239.66906
P36566	smtA	1	129.57	29777.13487
P00448	sodA	13	1157.34	23064.63928
P0AGD3	sodB	8	564.91	21234.51493
P0AGD1	sodC	7	227.56	17651.97126
P15373	sohA	2	138.85	12333.17817
P0AG14	sohB	13	873.91	39323.6935800001
P40874	solA	16	877.14	40858.3311600001
P21170	speA	25	1571.31	73833.4214800002
P21169	speC	12	805.67	79347.9322900003
P0A7F6	speD	11	964.9	30347.05278
P09158	speE	5	339.39	32282.72207
P0A951	speG	7	330.53	21855.10936
P0AG24	spoT	8	345.31	79274.2376000003
P08395	sppA	7	530.03	67159.1767500002
P0AFV4	spr 	7	440.8	21008.75296
P77754	spy 	9	441.4	18169.28381
P68191	sra 	4	159.76	5074.75469
P15082	srlR	4	130.89	28200.37293
P21507	srmB	18	914.02	49865.4506200002
P0AGE0	ssb 	8	505.19	18945.23563
P31142	sseA	10	675.24	30774.59912
P0AFZ1	sseB	3	103.21	28606.57847
P0ACA3	sspA	10	722.12	24271.40368
P0AFZ3	sspB	4	284.24	18233.05384
P0AGE4	sstT	5	374.66	43431.3985400001
P27306	sthA	21	1634.62	51509.77384
P0ACG1	stpA	9	627.66	15319.95488
P0AFG3	sucA	47	3525.8	104977.525920001
P0AFG6	sucB	21	1428.4	43965.9951000001
P0A836	sucC	22	1790.4	41348.6413500001
P0AGE9	sucD	21	1816.92	29740.52945
P77667	sufA	2	116.12	13273.47858
P77522	sufB	13	842.33	54692.5964800001
P77499	sufC	12	841.05	27547.12225
P77689	sufD	8	537.25	46775.9392900001
P76194	sufE	2	90.65	15772.20615
P26648	sufI	4	214.46	51807.4538100001
P77444	sufS	9	644.17	44387.51743
P0ADG4	suhB	20	1120.67	29135.97683
P75792	supH	5	216.85	30375.58356
P0ABZ6	surA	21	1223.83	47236.2499600001
P0A840	surE	3	86.98	26865.59578
P0A8U0	syd 	2	93.42	20677.40484
P05100	tag 	1	51.39	21068.31389
P0A867	talA	18	1669.82	35618.46965
P0A870	talB	24	2071.68	35179.30906
P76145	tam 	2	80.69	28969.46744
P07017	tar 	2	50.62	59888.5565200001
P0A9T4	tas 	9	458.3	38457.6131
P69428	tatA	8	499.47	9640.02352
P69425	tatB	9	525.05	18391.55204
P69423	tatC	2	168.62	28839.23798
P0A843	tatE	1	50.83	7001.88159
P07913	tdh 	7	375.84	37196.83116
P23331	tdk 	4	277.4	23423.6654
P25397	tehB	5	206.64	22498.4033
P0ADA1	tesA	1	94.34	23589.14381
P0AGG2	tesB	7	447.91	31928.35792
P77712	tesC	2	84.83	15060.84544
P0A847	tgt 	18	1148.11	42548.22854
P77718	thiI	11	620.15	54920.7083100001
P0AGG0	thiL	7	259.41	35030.6783
P00561	thrA	56	4555.24	89045.7955700003
P00547	thrB	13	463.67	33583.89194
P00934	thrC	26	2430.6	47066.2141
P0A8M3	thrS	34	1981.64	73948.7942200002
P0A884	thyA	5	279.97	30442.15787
P0A850	tig 	37	2658.55	48144.85133
P52097	tilS	5	258.69	48156.1349900001
P27302	tktA	22	1714.53	72147.9197900002
P33570	tktB	18	1302.53	72978.8306500003
P0AGG8	tldD	6	533.69	51314.1174300002
P0A720	tmk 	9	426.75	23750.43554
P0A853	tnaA	12	907.81	52721.5789400001
P19934	tolA	4	309.29	43112.4772500001
P0A855	tolB	16	1234.09	45909.1780900001
P02930	tolC	20	1542.3	53690.1844700001
P0ABU9	tolQ	6	292.92	25563.37328
P0ABV6	tolR	3	127.88	15355.37553
P02929	tonB	4	306.22	26059.99904
P06612	topA	27	1569.09	97270.3070700005
P14294	topB	2	67.17	73153.0460700003
P38684	torR	1	57.19	26198.75434
P46923	torZ	1	42.94	88889.8001700004
P0A858	tpiA	20	1666.05	26936.80958
P0A862	tpx 	8	796	17806.20497
P13482	treA	8	417.37	63578.5401800002
P36672	treB	2	122.95	51029.3258500001
P36673	treR	1	126.92	34490.8725
P0AGI8	trkA	4	169.97	50318.3725700001
P23003	trmA	8	654.47	41922.20891
P0A8I5	trmB	9	339.14	27271.69709
P0A873	trmD	3	187.02	28386.44362
P0AGJ2	trmH	4	145.54	25308.74949
P0AE01	trmJ	6	360.88	27012.85292
P0A877	trpA	17	1096.67	28688.02998
P0A879	trpB	21	1555.34	42937.5885400001
P00909	trpC	18	1246.92	49312.3410300001
P00904	trpD	14	977.95	56816.2506800001
P00895	trpE	25	1360.95	57440.0914300001
P77766	trpH	1	60.38	32541.48206
P0A881	trpR	3	109.67	12329.43056
P00954	trpS	16	1241.06	37396.06115
P07649	truA	4	164.22	30362.46389
P60340	truB	5	199.57	35047.11747
Q57261	truD	11	751.07	39049.19045
P0AA25	trxA	5	559.69	11781.10045
P0A9P4	trxB	15	1346.89	34583.36117
P0AGG4	trxC	2	161.1	15526.69435
P0A6P1	tsf 	33	2461.24	30385.76806
P02942	tsr 	1	71.47	59388.25188
P0A927	tsx 	6	408.85	33549.87653
P76055	ttcA	8	553.06	35520.02369
P0CE47	tufA	46	3864.53	43238.3027900001
P16525	tus 	1	47.3	35743.13016
P45530	tusB	1	61.3	10693.64124
P45532	tusD	1	56.04	13614.822
P0AB18	tusE	1	44.36	12384.41873
P32132	typA	31	2395.27	67295.4701400003
P07023	tyrA	15	1179.65	41997.8894
P04693	tyrB	20	1233.41	43492.11181
P07604	tyrR	14	563.41	57601.7111400001
P0AGJ9	tyrS	21	1699.73	47479.05081
P0A6A0	ubiB	3	54.59	63144.4162000001
P26602	ubiC	5	188.04	18747.04431
P0AAB4	ubiD	10	663.98	55550.3027700001
P0A887	ubiE	12	840.01	28037.26502
P75728	ubiF	6	404.97	42908.0331200001
P17993	ubiG	7	564.9	26520.48429
P25534	ubiH	5	153.06	42243.5823100001
P37440	ucpA	7	445.69	27814.33763
P0A8F4	udk 	8	458.21	24319.5763
P12758	udp 	2	88.24	27123.83212
P0AG80	ugpB	26	1644.3	48400.0153500001
P10907	ugpC	3	137.06	39480.50397
P10908	ugpQ	5	265.71	27374.04865
P0AGA6	uhpA	2	112.95	20857.9082
P0A9W0	ulaR	3	83.69	27566.3263
P12295	ung 	9	473.58	25659.18035
P0A8F0	upp 	17	1272.12	22500.97299
P60472	uppS	1	64.29	28408.39075
P0AGM7	uraA	3	145.39	45012.9265100001
P08390	usg 	8	822.36	36323.47208
P07024	ushA	13	757.78	60767.7396000002
P0AED0	uspA	6	506.47	16038.13696
P0A8S5	uspB	2	79.34	13000.74257
P0AAB8	uspD	3	235.01	16264.49707
P0AAC0	uspE	14	1076.49	35666.29663
P37903	uspF	7	425.55	15988.50332
P39177	uspG	11	931.77	15907.2748
P43672	uup 	12	735.96	72004.1416300002
P0A698	uvrA	18	941.29	103784.541460001
P0A8F8	uvrB	13	592.4	76160.4362200002
P03018	uvrD	6	311.33	81920.3069400004
P0AED5	uvrY	4	239.71	23859.35674
P0A8G3	uxaC	5	137.81	53934.6133200001
P24215	uxuA	11	613.54	44791.5738000001
P39160	uxuB	8	463.78	53527.9326400001
P39161	uxuR	2	77.84	29271.79279
P07118	valS	47	3086.08	108105.6884
P25535	visC	3	111.98	44198.7760500001
P0AC75	waaA	9	349.49	47243.5264600001
P27242	waaU	5	187.25	41684.9210400001
P37750	wbbJ	4	195.84	21643.43555
P0AC78	wecA	1	43.24	40912.09384
P27828	wecB	7	413.8	42199.90669
P27829	wecC	5	276.89	45791.59224
P56258	wecF	1	41.98	40595.8448
P27836	wecG	5	264.16	27892.60086
P0A8G6	wrbA	13	689.45	20814.41143
P76372	wzzB	14	894.42	36414.1684600001
P0AG00	wzzE	7	458.96	39445.9430600001
P04994	xseA	8	321.58	51782.2337000001
P0A8G9	xseB	4	226.06	8928.51546
P09030	xthA	7	356.7	30931.52872
P09099	xylB	5	219.33	52566.57799
P37387	xylF	7	342.24	35693.7284
P0A8I3	yaaA	10	571.56	29549.3024
P0AA95	yacC	1	43.9	12827.36993
P36680	yacF	3	254.34	28255.84769
P0A8H8	yacG	3	116.93	7283.40821
P0A8E5	yacL	4	165.91	13914.52935
P36879	yadG	7	385.59	34607.32501
P28634	yaeB	1	81.39	26327.69853
P62768	yaeH	8	360.86	15068.91436
P0A8K5	yaeP	3	187.57	7191.57041
P52096	yaeR	2	53.1	14709.3447
P0A940	yaeT	39	2837.62	90478.4672200007
P30864	yafC	5	227.64	33736.61375
P0A8U2	yafD	1	44.13	29954.6983
Q47147	yafJ	5	203.05	28599.20568
P75682	yagE	1	55.48	33277.40786
P77300	yagI	2	111.23	27802.74063
P0AAA1	yagU	4	197.22	22933.93416
P77554	yahJ	6	247.04	50498.7560700001
P75691	yahK	24	1706.01	37935.87879
P75694	yahO	7	699.56	9871.13374
P0AAN5	yaiA	5	279.39	7258.62835
P0C037	yaiE	3	127.16	10209.86884
P0A8D3	yaiI	1	36.15	16940.74665
P51024	yaiL	2	104.34	19892.57974
P77562	yaiW	1	42.25	40370.90189
P0ADZ7	yajC	5	282.33	11861.4007
P0AAQ2	yajD	2	129.81	13337.39409
P0ADA5	yajG	7	564.77	20918.82524
Q46948	yajL	7	520.65	20745.93029
P77735	yajO	15	946.58	36379.51751
P0A8E7	yajQ	12	950.14	18314.5428
P0AAQ6	ybaA	2	54.25	13291.44106
P0A8B5	ybaB	9	762.98	11988.91312
P0AAR3	ybaK	6	435.32	17064.22625
P39830	ybaL	6	317.94	59367.2376000001
P0A9T6	ybaQ	2	62.34	13144.90646
P77717	ybaY	5	477.33	19401.25324
P0A9T8	ybbA	4	208.87	24499.8241
P77279	ybbL	2	74.88	25348.13345
P77395	ybbN	10	823.12	31753.32557
P0AFP4	ybbO	4	176.92	29373.10702
P77504	ybbP	2	46.39	89256.8204700004
P0AAS7	ybcJ	3	154.07	7366.85319
P0AAT2	ybdF	1	71.17	14023.377
P45579	ybdH	11	677.36	39049.32603
P77213	ybdK	5	226.33	41643.6894800001
P77806	ybdL	7	449.63	42917.81339
P0AAT6	ybeB	4	282.04	11556.82767
P0A8J4	ybeD	5	410.17	9803.11355
P0AAT9	ybeL	10	537.84	18767.35743
P0A898	ybeY	1	93.34	17496.46109
P0A9K3	ybeZ	12	865.56	38996.53281
P0AAU2	ybfA	1	90.87	8251.18359
P0AAU7	ybfE	1	65.37	11255.02681
P75736	ybfF	7	368.4	28401.48347
P24252	ybgA	1	38.8	20180.48824
P0A8Z3	ybgC	3	220.66	15533.91918
P45955	ybgF	12	803.02	28196.1354
P0AFP6	ybgI	8	846.86	26857.71166
P0AAV4	ybgJ	3	105.93	23913.50252
P75745	ybgK	6	200.15	34346.5056
P75746	ybgL	2	193.41	25766.06281
P0AAV6	ybgS	3	187.74	12845.9355
P21829	ybhA	2	95.61	30164.13345
P12994	ybhB	4	270.77	17056.26895
P46130	ybhC	15	865.62	46035.8471900001
P75777	ybhG	9	506.43	36375.63323
P0AAW1	ybhP	1	39.37	28753.60686
P30177	ybiB	13	970.3	35008.05566
P30178	ybiC	13	1076.47	38854.31329
P0ACU0	ybiH	2	96.2	24982.86851
P0AAX8	ybiS	10	755.66	33286.1605
P0A9U3	ybiT	13	660.34	59802.3272900002
P75791	ybiU	7	259.4	47281.55224
P75828	ybjD	1	38.27	63531.1874900002
P75809	ybjI	3	170.3	30159.07836
P75818	ybjP	6	522.49	18961.46217
P75821	ybjS	1	93.36	38043.37864
P75822	ybjT	1	52.78	53655.2738500001
P75829	ybjX	2	93.16	38314.69249
P21367	ycaC	7	561.67	23067.81755
P75838	ycaO	9	497.58	65592.1214700001
P0AAZ7	ycaR	3	140.6	6832.52157
P22525	ycbB	3	170.62	67751.7307200002
P0A8N0	ycbG	2	76.54	17664.37878
P75849	ycbL	3	121.87	23750.94389
P75863	ycbX	7	390.73	40600.63921
P75867	ycbZ	9	402.03	65759.2259800001
P0AB12	yccF	3	141.31	16246.8707
P0AB14	yccJ	4	365.47	8501.16875
P75874	yccU	8	564.04	14673.74948
P0AB65	yccX	4	276.02	10275.2359
P0AB24	ycdO	16	981.27	41094.0191500001
P75914	ycdX	3	137.97	26855.38893
P75915	ycdY	5	315.09	20693.05671
P0AB26	yceB	5	205.28	20468.68601
P0AB28	yceD	4	246.72	19284.5742
P0A729	yceF	6	403.3	21659.17378
P28306	yceG	2	81.5	38205.32134
P29217	yceH	12	1131.89	24144.21298
P0A8X2	yceI	5	335.67	20881.61917
P27431	ycfD	6	316.03	42534.03822
P0AFQ7	ycfH	5	165.63	29772.09642
P0A8E1	ycfP	8	407.32	21194.6877
P29013	ycgB	12	590.55	60756.9713900002
P76002	ycgK	4	161.69	14878.71052
P0AB43	ycgL	4	179.91	11221.80465
P76004	ycgM	7	353.56	23678.10998
P0AB49	ychH	1	106.5	10461.42793
P37052	ychJ	1	52.53	16960.9477
P0AFR2	ychM	2	67.74	59372.3170600001
P0AB52	ychN	3	166.91	12666.68706
P0A8Z0	yciA	6	313.32	14203.3308
P21365	yciC	1	55.66	26383.57942
P21363	yciE	5	294.79	18931.47424
P21362	yciF	3	156.13	18567.66099
P21361	yciG	1	148.97	5980.82158
P08245	yciH	2	91.29	11371.09405
P0AB55	yciI	2	108.52	10577.40472
P31808	yciK	5	371.08	27897.0141
P0AB58	yciM	3	133.87	44484.4594200001
P0AB61	yciN	3	217.87	9361.79711
P0AFR4	yciO	9	445.61	23178.95771
P0ACV4	yciS	2	196.7	11326.27978
P76034	yciT	9	616.48	27567.18184
P76035	yciW	3	179.2	42175.5063600001
A5A613	yciY	2	40.36	7079.84737
P0A8R7	ycjF	2	55.09	39349.4373900001
P51981	ycjG	1	70.4	34633.89513
P77481	ycjV	2	35.91	40102.69279
P76046	ycjX	5	129.07	52558.1038500001
P77302	ydaM	1	48.74	46404.9105000001
P25906	ydbC	9	622.82	30668.76971
P52645	ydbH	1	44.43	96756.1484000005
P52647	ydbK	24	1037.14	128725.189010001
P34209	ydcF	8	441.46	29668.99626
P0ACW6	ydcH	2	116.72	8854.61993
P77171	ydcI	5	175.14	33362.60678
P76097	ydcJ	13	533.69	50992.6296800001
P76100	ydcK	1	36.48	35809.0890400001
P64451	ydcL	12	880.13	24393.4873
P76108	ydcS	17	1266.3	42250.08416
P77795	ydcT	2	115.96	36999.06605
P64455	ydcY	3	132.88	8776.45239
P31827	yddB	5	284.29	89209.5474500004
P37757	yddE	4	232.9	32280.54451
P31130	ydeI	5	178.81	14094.21224
P31131	ydeJ	2	113.33	18291.23947
P77318	ydeN	3	145.19	62745.0993400002
P39831	ydfG	10	863.27	27213.76185
P0ACM2	ydfH	1	48.41	26530.475
P64463	ydfZ	1	55.72	7253.75327
P77804	ydgA	29	1912.65	54636.91746
P76176	ydgD	2	61.8	29240.86665
P76177	ydgH	17	1037.91	33864.45084
P77376	ydgJ	3	116.16	38215.63903
P76187	ydhF	9	445.61	33636.33205
P77552	ydhQ	3	143.66	42831.7284100001
P0ACX3	ydhR	4	291.48	11262.77341
P77148	ydhS	5	198.19	60698.9436000001
P0A8A4	ydiA	10	666.86	31173.13955
P77781	ydiI	3	164.77	14917.66901
P77748	ydiJ	33	2020.58	113157.922350001
P0AFS7	ydiK	2	89.52	39797.03746
P77649	ydiU	2	62.29	54329.8664600001
P64479	ydiZ	2	152.74	10840.26976
P0ACY1	ydjA	10	589.83	20028.12237
P77721	ydjF	4	168.36	28225.67774
P77529	ydjN	11	838.72	48612.5154700001
P76220	ydjY	1	36.46	24091.94259
P39173	yeaD	9	620.27	32627.64631
P0ACY3	yeaG	41	3037.42	74415.5727700002
P76235	yeaH	14	848.45	49343.80506
P64483	yeaK	4	248.59	17821.38202
P76243	yeaO	8	440.37	13359.93617
P0AA91	yeaY	6	353.18	20889.78297
P76256	yeaZ	4	294.73	25146.67925
P0A8A0	yebC	10	564.4	26387.9
P33218	yebE	6	471.82	23654.40951
P33219	yebF	7	456.82	12935.55867
P0ACY9	yebG	3	185.79	10692.27498
P64499	yebO	3	121.42	10767.76726
P76270	yebR	10	634.5	18092.23628
P76272	yebT	8	304.6	94893.7805900006
P64503	yebV	2	242.33	8729.18209
P64506	yebY	4	193.68	12352.45278
P0AD05	yecA	2	184.37	25005.14471
P37774	yecC	6	310.64	27641.8973
P0ADI7	yecD	3	133.86	20421.60864
P0AD07	yecF	1	81.75	8215.10559
P0AD10	yecJ	2	83.07	9098.77479
P52007	yecM	3	170.1	21173.77695
P0AFT2	yecS	4	214.37	24767.2196
P31063	yedD	8	573.11	14955.68129
P31064	yedE	5	456.49	44381.3142000001
P0AA31	yedF	3	303.9	8615.38263
P46125	yedI	4	235.16	32152.04344
P46144	yedJ	1	49.13	25870.071
P76329	yedP	6	387.96	30402.39167
P76330	yedQ	1	38.47	64224.8008500002
P76340	yedW	2	64.71	24984.16633
P76343	yedZ	1	37.69	24034.77599
P33014	yeeD	1	68.17	8125.05516
P0AA47	yeeF	2	107.6	49487.0112200001
P0A8A2	yeeN	4	361.16	25833.16003
P76361	yeeR	3	99.87	57181.9732400002
P0A8M6	yeeX	14	1122.96	12751.74436
P0AD12	yeeZ	10	544.31	29643.15127
P37749	yefG	8	430.59	37715.06647
P37751	yefI	11	453.97	43142.6368500001
P36928	yegD	3	113.93	49322.4293800001
P76402	yegP	6	534.07	11998.96227
P76403	yegQ	13	656.9	51142.4835200001
P76407	yegS	2	117.77	32000.34292
P33355	yehS	4	275.83	17943.51142
P0AFT5	yehT	3	151.21	27364.42848
P0AD14	yehU	1	57.25	62034.6344400001
P0ACR4	yeiE	7	356.65	32685.2267
P33018	yeiG	8	318.36	31221.06729
P0A6N8	yeiP	8	528.53	21500.97054
P33030	yeiR	2	101.79	36072.87079
P76445	yeiU	2	93.6	26723.51423
P33913	yejA	1	50.6	69607.1505700002
P33916	yejF	1	138.31	58671.5544900001
P33920	yejK	11	808.76	37781.1493300001
P0AD24	yejL	3	237.35	8265.27759
P0AD27	yejM	4	159.87	67235.6615700003
P77808	yfaY	2	209.6	44179.54703
P0A959	yfbQ	9	441.63	45470.3865100001
P76491	yfbR	3	209.07	22675.59007
P77625	yfbT	5	487.91	22975.10218
P0A8W8	yfbU	19	1045.28	19505.45171
P39199	yfcB	5	424.74	34961.46662
P65556	yfcD	6	455.32	20344.90063
P67095	yfcE	3	174.83	20091.35787
P77544	yfcF	7	392.72	24292.47047
P77526	yfcG	2	129.05	24482.57638
P77775	yfcH	9	622.47	32660.18647
P64540	yfcL	3	171.83	9975.83693
P0A8B2	yfcN	3	136.99	20981.98037
P76501	yfcR	1	36.02	17860.909
P0AD33	yfcZ	2	77.69	10292.70137
P77293	yfdH	7	384.21	34595.50641
P76507	yfdI	5	272.52	51431.8398300001
P77434	yfdZ	4	203.46	46168.71805
P23842	yfeA	1	84.34	83451.8821500002
P76536	yfeX	12	731.71	33013.46217
P76537	yfeY	4	276.87	20866.10587
P24178	yffB	4	224.48	13573.86528
P76550	yffS	6	290.87	29714.05213
P66948	yfgC	10	629.19	53856.3246400001
P76569	yfgD	3	160.34	13372.08984
P77774	yfgL	11	757.51	41843.3190100001
P76576	yfgM	10	656.68	22144.4226
P0AFU4	yfhA	2	91.61	49099.7811900001
P76578	yfhM	25	1201.85	181455.417910001
P0AGJ5	yfiF	12	905.03	37743.03444
P33644	yfiH	2	82.33	26304.0757
P11289	yfiL	1	58.12	13177.30912
P0AC02	yfiO	11	796.36	27793.80498
P76594	yfiQ	8	416.66	97907.9564100001
P52119	yfjF	3	224.35	10764.80442
P0ADQ7	ygaM	3	217.39	12262.07752
P55734	ygaP	2	130.25	18608.89687
P0ADE6	ygaU	12	786.84	16035.27366
P64554	ygcF	4	162.73	24995.63713
P38506	ygdG	1	69.85	28130.36423
P0ADR8	ygdH	18	1005.7	50921.2006400001
P65292	ygdI	3	258.33	8150.86723
P0AGF2	ygdK	4	412.98	15912.30672
Q46927	ygdL	3	135.3	28525.62512
P65294	ygdR	2	72.33	7853.82589
P03813	ygeA	2	55.71	25213.74597
Q46798	ygeR	4	191.57	26529.88379
Q46802	ygeV	7	353.94	66036.4981900002
P0A8C4	ygfB	2	164.5	21198.07347
P0ADE8	ygfZ	20	1377.69	36053.36943
P0ADS6	yggE	5	366.87	26600.77371
P25894	yggG	5	496.68	26807.19132
P38521	yggL	3	205.02	12854.35611
P0ADS9	yggN	9	464.48	26394.56679
P67080	yggS	5	398.1	25753.32927
P64564	yggT	2	120.35	21134.83764
P52060	yggU	1	45.94	10431.76399
P52062	yggW	4	122.82	42539.39821
P0A8P3	yggX	16	728.02	10927.41601
P0AG84	yghA	10	573.36	31450.32209
Q46845	yghU	10	644.66	32353.38694
Q46851	yghZ	13	670.42	38789.70115
P0ADT2	ygiB	3	188.61	23446.17182
P0ADT5	ygiC	5	217.49	44979.1626
P30871	ygiF	13	808.78	48340.9311000001
P0ADT8	ygiM	8	436.9	23044.13941
P0ADU2	ygiN	4	165.99	11506.80837
Q46863	ygiS	3	145.23	60638.1630700001
P0ADU5	ygiW	6	349.76	13984.04637
P42599	ygjR	6	437.11	36173.29961
P67660	yhaJ	6	299.57	33217.50249
P0AFX0	yhbH	3	185.48	10725.60191
P0A894	yhbJ	9	554.93	32453.73402
P45470	yhbO	6	256.63	18828.85417
P67762	yhbP	1	37.56	16747.64911
P63417	yhbS	6	327.15	18504.27117
P0ADV5	yhbW	4	173.77	37087.72888
P0AGK4	yhbY	4	165.46	10759.04069
P0ADW3	yhcB	10	695.93	14933.50295
P64612	yhcM	4	213.69	43018.03749
P64616	yhcO	1	36.45	10771.36875
P25536	yhdE	2	153.78	21484.15183
P26646	yhdH	10	671	34683.88067
P64624	yheO	7	438.17	26785.62808
P63389	yheS	18	866.78	71781.0430600001
P67624	yheU	1	49.35	8446.2252
P0ADX1	yhfA	7	325.62	14489.33748
P0ADX5	yhfG	1	108.42	6576.51859
P46837	yhgF	26	1551.24	85048.9374300004
P0ADX7	yhhA	9	684.73	16595.39276
P37613	yhhK	2	99.81	14478.34645
P37614	yhhL	1	35.98	10226.7809
P46852	yhhW	4	139.39	26244.93963
P46853	yhhX	9	555.86	38722.71557
P37626	yhiI	12	754.1	38786.71563
P37634	yhiR	4	151.27	31903.75488
P37642	yhjD	3	163.14	37869.22146
P37643	yhjE	4	417.74	47159.4352400001
P37645	yhjG	10	458.25	74393.2067000003
P37648	yhjJ	8	392.67	55474.62001
P37649	yhjK	6	250.1	74315.3969100001
P37665	yiaD	4	199.79	22165.52748
P0ADK0	yiaF	6	354.3	25628.95569
P37671	yiaJ	5	189.3	31028.83427
P0ADK6	yibA	3	93.37	31835.55097
P0ACA1	yibF	6	323.93	22512.80566
P0ADK8	yibL	3	214.08	13669.27463
P0AG27	yibN	7	582.88	15568.47178
P37690	yibP	6	223.4	46548.4282600001
Q2M7R5	yibT	4	232.06	7972.24394
P23839	yicC	15	803.6	33136.27252
P31433	yicH	9	667.78	62216.0713100002
P0A8Y5	yidA	6	317.18	29684.23219
P09996	yidB	2	167.89	13760.1239
P60872	yidE	2	61.79	58883.0174200002
P0ADM4	yidQ	2	117.41	11799.78067
P31455	yidR	5	207.28	46139.8176000001
P0AGE6	yieF	6	470.23	20344.58726
P31475	yieP	4	209.28	26041.25646
P0ADN2	yifE	12	734.63	13107.43367
P0ADN6	yifL	5	245.35	7154.68883
P23305	yigA	1	37.37	26693.89682
P0ADP0	yigB	8	482.52	27086.85052
P0ADP2	yigI	3	152.94	17133.75136
P27848	yigL	6	275.2	29670.75492
P0ADP9	yihD	3	174.1	10248.426
P0A8H6	yihI	6	588.17	19029.67039
P0ACM9	yihL	1	50.6	26903.96131
P32144	yihW	4	183.77	28471.68182
P0A8Y3	yihX	5	242.09	22699.37437
P0ADQ2	yiiD	9	507.94	37052.70236
P32157	yiiM	5	329.36	25308.67636
P32162	yiiS	3	148.46	10751.22245
P32680	yjaG	3	171.69	22580.06443
P0AF43	yjbB	1	41.22	59411.0162100001
P32685	yjbD	2	109.95	10507.58832
P68206	yjbJ	7	362.6	8302.08165
P0AF50	yjbR	3	195.91	13492.97324
P0AF52	yjcD	3	189.74	45663.8881400001
P32703	yjcE	2	113.48	60465.7617800001
P0AF54	yjcH	2	83.81	11646.25755
P0ACU7	yjdC	10	505.68	21899.03054
P0AF67	yjeE	2	221.11	16824.38456
P31806	yjeF	6	351.7	54598.2323600001
P0AF70	yjeI	4	285.31	11932.74185
P39280	yjeK	2	92.66	38707.24591
P39285	yjeP	3	194.67	123871.75296
P0A8X0	yjgA	6	345.78	21328.29513
P27250	yjgB	6	347.99	36460.44988
P0AF93	yjgF	7	559.98	13585.13216
P39334	yjgJ	3	204.96	21469.82323
P0AF96	yjgK	13	1049.13	16836.60419
P39337	yjgM	2	60.94	18592.28007
P39342	yjgR	17	1013.89	54280.3570300002
P39353	yjhC	3	168.35	41339.58738
P39356	yjhU	6	375.62	36070.68919
P24203	yjiA	10	771.36	35619.19065
P18390	yjjA	1	74.77	17323.79744
P0A8Y1	yjjG	1	61.99	25266.64985
P39410	yjjJ	2	90.43	49707.45497
P0A9W3	yjjK	31	1978.31	62386.2568500003
P39407	yjjU	2	174.68	39788.53077
P39411	yjjX	3	166.3	18183.33845
P77212	ykgC	6	308.08	48195.9118900001
P0AAS0	ylaC	1	114.69	18237.49967
P75713	ylbA	1	96.59	28694.14792
P0ACA7	yliJ	12	758.43	23680.16535
P0AB10	ymbA	3	167.05	20603.63296
P0A8D6	ymdB	6	346.01	18850.61192
P56614	ymdF	1	118.2	5861.76334
P75974	ymfK	1	38.52	25060.52554
P0AB46	ymgD	1	116.67	11826.0528
P0ACV8	ymjA	2	144.76	9297.38439
P76112	yncA	2	50.27	19217.57217
P76113	yncB	11	744.83	37567.9955600001
P76116	yncE	18	1201.41	38571.4174
P76149	yneI	5	249.84	49668.1681600001
P76170	ynfB	2	105.16	12882.61936
P76172	ynfD	2	143.9	10452.12564
P76193	ynhG	16	944.67	36041.90682
P77739	yniA	11	772.4	32420.23286
P76208	yniB	2	77.13	20335.7568
P77247	yniC	9	461.06	24296.69318
P0AEB7	yoaB	2	110.01	12467.33865
P64490	yoaC	4	184.85	10810.35946
P0AEC0	yoaE	2	106.68	56474.0173400002
P64493	yoaF	1	95.23	8918.50923
Q2MB16	yobH	1	41.64	8490.5975
P64519	yodD	3	230.62	8556.08638
P33368	yohF	1	38.68	26915.75915
P0AD19	yohK	1	55.89	24435.28191
P64534	yohN	3	126.2	12440.24192
P33941	yojI	4	195.77	61495.7807400002
P0AE39	ypdB	3	166.24	28684.6737
P76524	ypdF	1	48.4	39581.32999
P76539	ypeA	1	126.49	16283.10396
P64429	ypfJ	7	450.96	31422.2905
P77475	yqaB	1	75.07	20748.53598
P65367	yqcA	4	254.6	16245.97352
Q46939	yqeF	2	109.02	40975.1143600001
P67603	yqfB	6	287.63	11879.8891
P0A8W5	yqgE	5	298.89	20654.80682
P0A8I1	yqgF	2	73.5	15158.94146
Q46856	yqhD	18	1406.94	42052.7894700001
Q46868	yqiC	6	359.34	11251.07678
P0AA63	yqjA	1	42.59	24551.31261
P42616	yqjC	2	83.53	13879.22512
P64581	yqjD	3	289.93	11026.85535
P64585	yqjE	2	99.53	15119.20843
P42620	yqjG	12	600.99	37344.6141400001
Q46871	yqjH	7	341.29	28835.53263
P64588	yqjI	3	108.42	23368.57134
Q47710	yqjK	1	63.2	11785.31696
P64596	yraP	9	611.22	19997.67198
P45468	yraQ	1	57.57	37213.82031
P45469	yraR	1	93.43	23164.99638
P0A9W6	yrbA	3	151.14	9427.72188
P45800	yrfF	5	177.55	79421.8474100003
P64636	yrfG	1	80.88	25364.60422
P56262	ysgA	7	439.63	29388.78696
P39310	ytfB	6	228.72	23472.89561
P39187	ytfJ	2	121.19	20389.71435
P0AE45	ytfL	1	58.58	49712.7291600001
P0ADE4	ytfM	4	208.08	64738.0762800003
P39321	ytfN	6	272.84	136677.026620001
P39325	ytfQ	13	819.09	34304.83484
Q6BEX0	ytfR	6	246.14	55207.4074500001
P0ADS2	zapA	6	323.57	12568.40402
P0AF36	zapB	5	418.64	9610.79805
P77173	zipA	12	823.95	36434.29823
P37617	zntA	8	310.95	76773.8437700002
P64423	zntB	2	125.65	36570.59722
P39172	znuA	9	495.63	33738.19213
P0AC51	zur 	5	294.24	19223.57739
P0AC53	zwf 	24	1363.08	55651.3268900001
B8LFD5	lacR	3	130.09	38834.1893
