Bnumber	Gene name	COG class	MW [kDa]	Sequence length
b0002	thra	[e]	89.119	820
b0003	thrb	[e]	33.623	310
b0004	thrc	[e]	47.113	428
b0006	yaaa	[s]	29.585	258
b0008	talb	[g]	35.219	317
b0009	mog	[h]	21.222	195
b0014	dnak	[o]	69.114	638
b0015	dnaj	[o]	41.1	376
b0023	rpst	[j]	9.6843	87
b0025	ribf	[h]	34.734	313
b0026	iles	[j]	104.3	938
b0028	fkpb	[o]	16.081	149
b0029	isph	[im]	34.774	316
b0030	rihc	[f]	32.56	304
b0031	dapb	[e]	28.756	273
b0032	cara	[ef]	41.431	382
b0033	carb	[ef]	117.84	1073
b0048	fola	[h]	17.999	159
b0049	apah	[t]	31.296	280
b0051	rsma		30.42	273
b0053	sura	[o]	47.283	428
b0054	lptd		89.67	784
b0059	rapa		109.77	968
b0068	thib		36.163	327
b0071	leud	[e]	22.487	201
b0072	leuc	[e]	49.881	466
b0073	leub		39.517	363
b0074	leua	[e]	57.297	523
b0077	ilvi		62.984	574
b0078	ilvh	[e]	17.977	163
b0080	cra		37.999	334
b0082	rsmh		34.877	313
b0085	mure	[m]	53.343	495
b0086	murf	[m]	47.447	452
b0088	murd	[m]	46.973	438
b0090	murg	[m]	37.814	355
b0091	murc	[m]	53.625	491
b0092	ddlb	[m]	32.839	306
b0094	ftsa	[d]	45.329	420
b0095	ftsz	[d]	40.323	383
b0096	lpxc	[m]	33.956	305
b0098	seca	[u]	102.02	901
b0102	yacf	[s]	28.291	247
b0104	guac	[f]	37.383	347
b0109	nadc	[h]	32.762	297
b0112	arop	[e]	49.69	457
b0113	pdhr	[k]	29.425	254
b0114	acee	[c]	99.667	887
b0115	acef	[c]	66.095	630
b0116	lpd	[c]	50.688	474
b0118	acnb	[c]	93.497	865
b0119	yacl	[s]	13.941	120
b0120	sped	[e]	30.384	264
b0121	spee	[e]	32.321	288
b0122	yacc		12.854	115
b0123	cueo	[q]	56.556	516
b0124	gcd	[g]	86.746	796
b0125	hpt		20.115	178
b0126	can	[p]	25.096	220
b0127	yadg	[v]	34.647	308
b0131	pand	[h]	13.834	126
b0133	panc	[h]	31.597	283
b0134	panb	[h]	28.237	264
b0143	pcnb	[j]	53.87	465
b0145	dksa	[t]	17.528	151
b0149	mrcb	[m]	94.291	844
b0150	fhua	[p]	82.181	747
b0154	heml	[h]	45.366	426
b0156	erpa		12.1	114
b0159	mtn		24.354	232
b0161	degp	[o]	49.354	474
b0163	yaeh		15.096	128
b0166	dapd	[e]	29.892	274
b0167	glnd	[o]	102.39	890
b0168	map	[j]	29.33	264
b0169	rpsb	[j]	26.743	241
b0170	tsf	[j]	30.423	283
b0171	pyrh	[f]	25.97	241
b0172	frr	[j]	20.638	185
b0174	ispu	[i]	28.444	253
b0176	rsep		49.071	450
b0177	bama		90.552	810
b0178	skp		17.688	161
b0179	lpxd	[m]	36.038	341
b0180	fabz	[i]	17.033	151
b0181	lpxa	[m]	28.08	262
b0185	acca	[i]	35.241	319
b0187	yaer		14.737	129
b0189	rof	[k]	9.4795	84
b0192	nlpe	[mp]	25.844	236
b0194	pros	[j]	63.692	572
b0196	rcsf		14.163	134
b0197	metq	[p]	29.431	271
b0198	meti	[p]	23.256	217
b0199	metn	[p]	37.788	343
b0200	gmhb	[e]	21.294	191
b0207	dkgb	[r]	29.436	267
b0212	glob	[r]	28.434	251
b0220	ivy		16.872	157
b0221	fade	[i]	89.223	814
b0222	lpca	[g]	20.815	192
b0226	dinj	[l]	9.4057	86
b0237	pepd	[e]	52.915	485
b0238	gpt	[f]	16.97	152
b0239	frsa	[r]	47.008	414
b0240	crl		15.655	133
b0242	prob	[e]	39.056	367
b0243	proa	[e]	44.63	417
b0259	insh		39.327	338
b0273	argf	[e]	36.827	334
b0287	yagu	[s]	22.967	204
b0312	betb	[c]	52.911	490
b0325	yahk	[r]	37.978	349
b0329	yaho		9.8953	91
b0331	prpb	[g]	32.134	296
b0333	prpc	[c]	43.102	389
b0334	prpd	[r]	53.951	483
b0336	codb	[f]	43.649	419
b0337	coda	[fr]	47.59	427
b0345	laci		38.59	360
b0346	mhpr	[k]	31.322	277
b0354	yail		19.923	179
b0356	frma	[c]	39.359	369
b0357	frmr		10.318	91
b0369	hemb		35.624	324
b0381	ddla	[m]	39.315	364
b0382	irap		9.9374	86
b0384	psif		11.686	106
b0386	proc	[e]	28.145	269
b0388	arol	[e]	19.151	174
b0391	yaie	[s]	10.234	94
b0393	rdgc	[l]	33.993	303
b0394	mak	[kg]	32.499	302
b0405	quea	[j]	39.43	356
b0406	tgt	[j]	42.593	375
b0407	yajc	[u]	11.887	110
b0408	secd	[u]	66.631	615
b0409	secf	[u]	35.382	323
b0410	yajd		13.364	115
b0411	tsx	[m]	33.589	294
b0413	nrdr		17.229	149
b0414	ribd	[h]	40.338	367
b0415	ribe	[h]	16.156	156
b0416	nusb	[k]	15.689	139
b0417	thil	[h]	35.07	325
b0419	yajo	[c]	36.42	324
b0420	dxs	[hi]	67.616	620
b0421	ispa	[h]	32.159	299
b0422	xseb	[l]	8.9518	80
b0423	thii	[h]	54.972	482
b0424	yajl		20.777	196
b0426	yajq	[s]	18.344	163
b0429	cyod	[c]	12.029	109
b0431	cyob	[c]	74.367	663
b0432	cyoa	[c]	34.911	315
b0434	yajg		20.95	192
b0435	bola		11.994	105
b0436	tig	[o]	48.192	432
b0437	clpp	[ou]	23.186	207
b0438	clpx	[o]	46.355	424
b0439	lon	[o]	87.437	784
b0440	hupb	[l]	9.2255	90
b0441	ppid	[o]	68.149	623
b0444	quec		25.514	231
b0450	glnk	[e]	12.259	112
b0452	tesb	[i]	31.966	286
b0453	ybay		19.431	190
b0458	ylac		18.267	156
b0462	acrb	[v]	113.57	1049
b0463	acra	[m]	42.196	397
b0465	kefa	[m]	127.21	1120
b0466	ybam		6.0248	53
b0469	apt	[f]	19.859	183
b0471	ybab	[s]	12.015	109
b0473	htpg	[o]	71.422	624
b0474	adk	[f]	23.586	214
b0475	hemh		35.884	320
b0477	gsk	[g]	48.448	434
b0480	usha	[f]	60.823	550
b0481	ybak	[s]	17.093	159
b0484	copa	[p]	87.872	834
b0490	ybbl	[r]	25.382	225
b0492	ybbn		31.791	284
b0493	ybbo	[iqr]	29.41	269
b0495	ybba	[q]	24.533	228
b0506	allr	[k]	29.269	271
b0522	purk	[f]	39.461	355
b0523	pure	[f]	17.78	169
b0525	ppib	[o]	18.153	164
b0526	cyss	[j]	52.202	461
b0528	ybcj	[s]	7.3895	70
b0529	fold	[h]	31.043	288
b0553	nmpc	[m]	40.302	365
b0557	bord		10.447	97
b0565	ompt	[m]	35.562	317
b0571	cusr	[tk]	25.394	227
b0572	cusc	[mu]	50.269	457
b0574	cusb	[m]	44.304	407
b0578	nfsb		23.905	217
b0584	fepa	[p]	82.106	746
b0592	fepb	[p]	34.283	318
b0594	ente	[q]	59.111	536
b0595	entb	[q]	32.554	285
b0596	enta	[iqr]	26.249	248
b0598	csta	[t]	75.104	701
b0599	ybdh	[c]	39.091	362
b0600	ybdl	[e]	42.962	386
b0604	dsbg	[o]	27.495	248
b0605	ahpc	[o]	20.761	187
b0606	ahpf	[o]	56.176	521
b0607	uspg	[t]	15.935	142
b0610	rnk	[k]	14.927	136
b0623	cspe	[k]	7.4634	69
b0627	tate	[u]	7.0242	67
b0628	lipa	[h]	36.071	321
b0631	ybed	[s]	9.8272	87
b0632	daca	[m]	44.443	403
b0633	rlpa	[m]	37.528	362
b0637	ybeb		11.582	105
b0641	lpte		21.356	193
b0642	leus	[j]	97.233	860
b0643	ybel		18.797	160
b0650	hscc	[o]	61.986	556
b0651	riha	[f]	33.823	311
b0652	gltl	[e]	26.661	241
b0655	glti	[et]	33.42	302
b0657	lnt	[m]	57.065	512
b0658	ybex	[p]	33.298	292
b0660	ybez	[t]	39.038	346
b0661	miab	[j]	53.662	474
b0662	ubif	[hc]	42.953	391
b0674	asnb	[e]	62.658	554
b0675	nagd	[g]	27.163	250
b0676	nagc	[kg]	44.541	406
b0677	naga	[g]	40.949	382
b0678	nagb	[g]	29.774	266
b0679	nage	[g]	68.346	648
b0680	glns	[j]	63.477	554
b0683	fur	[p]	16.795	148
b0684	flda	[c]	19.737	176
b0686	ybff	[r]	28.437	254
b0687	seqa	[l]	20.315	181
b0688	pgm	[g]	58.36	546
b0710	ybgi	[s]	26.892	247
b0712	ybgk	[e]	34.386	310
b0720	glta	[c]	48.014	427
b0722	sdhd	[c]	12.867	115
b0723	sdha	[c]	64.421	588
b0724	sdhb	[c]	26.77	238
b0726	suca	[c]	105.06	933
b0727	sucb	[c]	44.011	405
b0728	succ	[c]	41.392	388
b0729	sucd	[c]	29.777	289
b0733	cyda	[c]	58.204	522
b0734	cydb	[c]	42.453	379
b0737	tolq	[u]	25.597	230
b0738	tolr	[u]	15.383	142
b0739	tola	[m]	43.156	421
b0740	tolb	[u]	45.955	430
b0741	pal	[m]	18.824	173
b0742	ybgf	[s]	28.231	263
b0750	nada	[h]	38.24	347
b0753	ybgs		12.872	126
b0754	arog	[e]	38.009	350
b0755	gpma	[g]	28.556	250
b0756	galm	[g]	38.19	346
b0757	galk	[g]	41.442	382
b0758	galt	[c]	39.645	348
b0759	gale		37.265	338
b0760	modf	[p]	54.535	490
b0761	mode	[r]	28.281	262
b0763	moda	[p]	27.364	257
b0765	modc	[p]	39.102	352
b0766	ybha	[r]	30.201	272
b0767	pgl		36.307	331
b0772	ybhc	[g]	46.082	427
b0773	ybhb		17.085	158
b0774	bioa	[h]	47.335	429
b0775	biob	[h]	38.648	346
b0778	biod	[h]	24.139	225
b0779	uvrb	[l]	76.225	673
b0782	moab	[h]	18.665	170
b0783	moac	[h]	17.467	161
b0784	moad	[h]	8.7578	81
b0785	moae	[h]	16.981	150
b0787	ybhm	[r]	26.123	237
b0795	ybhg	[m]	36.415	332
b0797	rhle	[lkj]	49.989	454
b0800	ybib	[e]	35.048	320
b0801	ybic	[c]	38.897	361
b0805	fiu	[p]	81.959	760
b0807	rlmf		34.226	308
b0809	glnq	[e]	26.731	240
b0811	glnh	[et]	27.19	248
b0812	dps	[p]	18.695	167
b0814	ompx	[m]	18.602	171
b0819	ybis	[s]	33.325	306
b0820	ybit	[r]	59.857	530
b0821	ybiu		47.329	421
b0822	ybiv	[r]	30.412	271
b0827	moea	[h]	44.067	411
b0830	gsib		56.47	512
b0835	rimo		49.581	441
b0838	gstb		23.713	208
b0839	dacc	[m]	43.608	400
b0840	deor		28.548	252
b0851	nfsa	[c]	26.8	240
b0854	potf	[e]	40.839	370
b0855	potg		41.93	377
b0860	artj	[et]	26.829	243
b0863	arti	[et]	26.929	243
b0864	artp	[e]	27.022	242
b0865	ybjp		18.991	171
b0866	ybjq	[s]	11.437	107
b0870	ltae	[e]	36.494	333
b0871	poxb	[eh]	62.011	572
b0878	maca		40.623	371
b0880	cspd	[k]	7.9689	74
b0881	clps		12.179	106
b0882	clpa	[o]	84.206	758
b0884	infa	[j]	8.2495	72
b0886	cydc	[co]	62.919	573
b0887	cydd	[co]	65.055	588
b0888	trxb	[o]	34.623	321
b0889	lrp	[k]	18.887	164
b0891	lola	[m]	22.497	203
b0893	sers	[j]	48.413	430
b0897	ycac	[q]	23.1	208
b0902	pfla	[o]	28.204	246
b0903	pflb	[c]	85.356	760
b0905	ycao		65.651	586
b0907	serc	[he]	39.783	362
b0908	aroa	[e]	46.095	427
b0910	cmk	[f]	24.746	227
b0911	rpsa	[j]	61.157	557
b0912	ihfb	[l]	10.651	94
b0914	msba	[v]	64.46	582
b0917	ycar	[s]	6.8549	60
b0918	kdsb	[m]	27.614	248
b0922	mukf	[d]	50.578	440
b0923	muke	[d]	26.974	234
b0924	mukb	[d]	170.23	1486
b0927	ycbl	[r]	23.784	215
b0928	aspc	[e]	43.573	396
b0929	ompf	[m]	39.333	362
b0930	asns	[j]	52.57	466
b0931	pncb	[h]	45.897	400
b0932	pepn	[e]	98.918	870
b0945	pyrd	[f]	36.774	336
b0947	ycbx	[r]	40.644	369
b0949	uup	[r]	72.066	635
b0951	pqib	[r]	60.52	546
b0953	rmf	[j]	6.5074	55
b0954	faba	[i]	18.969	172
b0955	ycbz	[o]	65.818	586
b0956	matp		17.693	150
b0957	ompa	[m]	37.2	346
b0961	yccf	[s]	16.275	148
b0962	held	[l]	77.975	684
b0963	mgsa	[g]	16.918	152
b0965	yccu		14.701	137
b0967	rlmi		44.356	396
b0969	tuse		12.41	109
b0984	gfcd		78.686	698
b1000	cbpa	[o]	34.455	306
b1002	agp		45.682	413
b1003	yccj		8.5244	75
b1004	wrba	[r]	20.845	198
b1014	puta	[e]	143.81	1320
b1015	putp	[er]	54.344	502
b1018	efeo		41.137	375
b1033	ghra		35.343	312
b1034	ycdx	[er]	26.89	245
b1035	ycdy	[r]	20.724	184
b1045	ymdb		18.88	177
b1048	opgg		57.912	511
b1049	opgh		96.936	847
b1051	msyb		14.259	124
b1056	ycei	[s]	20.912	191
b1059	sola	[e]	40.902	372
b1062	pyrc	[f]	38.827	348
b1063	yceb		20.5	186
b1064	grxb	[o]	24.35	215
b1067	yceh	[s]	24.177	215
b1071	flgm	[knu]	10.34	97
b1076	flge	[n]	42.045	402
b1078	flgg	[n]	27.744	260
b1079	flgh	[n]	24.615	232
b1080	flgi		38.169	365
b1084	rne	[j]	118.2	1061
b1086	rluc	[j]	36.026	319
b1087	ycef	[d]	21.691	194
b1088	yced	[r]	19.315	173
b1089	rpmf	[j]	6.4463	57
b1091	fabh	[i]	33.515	317
b1092	fabd	[i]	32.417	309
b1093	fabg	[iqr]	25.56	244
b1094	acpp	[iq]	8.6394	78
b1095	fabf	[iq]	43.045	413
b1097	yceg	[r]	38.247	340
b1098	tmk	[f]	23.783	213
b1101	ptsg	[g]	50.676	477
b1103	hint		13.241	119
b1105	lpob		22.515	213
b1107	nagz	[g]	37.594	341
b1108	ycfp		21.226	180
b1109	ndh	[c]	47.358	434
b1114	mfd	[lk]	129.98	1148
b1117	lold		25.438	233
b1118	lole	[m]	45.344	414
b1120	cobb	[k]	26.716	242
b1123	potd	[e]	38.867	348
b1126	pota	[e]	43.028	378
b1127	pept	[e]	44.923	408
b1128	ycfd		42.578	373
b1130	phop	[tk]	25.535	223
b1131	purb	[f]	51.542	456
b1132	hfld	[r]	22.947	213
b1133	mnma		40.959	368
b1136	icd	[c]	45.756	416
b1174	mine	[d]	10.235	88
b1175	mind	[d]	29.614	270
b1176	minc	[d]	24.775	231
b1179	ycgl		11.247	97
b1180	ycgm	[q]	23.711	219
b1186	nhab	[p]	56.728	513
b1187	fadr	[k]	26.968	239
b1189	dada	[e]	47.607	432
b1190	dadx	[m]	38.844	356
b1193	emta	[m]	22.226	203
b1194	ycgr		27.857	244
b1197	trea	[g]	63.636	565
b1198	dham		51.448	472
b1199	dhal	[g]	22.632	210
b1200	dhak		38.215	356
b1203	ychf	[j]	39.667	363
b1204	pth	[j]	21.082	194
b1207	prs		34.218	315
b1208	ispe	[i]	30.925	283
b1209	lolb	[m]	23.55	207
b1211	prfa	[j]	40.517	360
b1215	kdsa	[m]	30.832	284
b1217	chab	[r]	8.9447	76
b1219	ychn	[p]	12.693	117
b1221	narl	[tk]	23.927	216
b1232	puru	[f]	31.934	280
b1236	galu	[m]	32.942	302
b1237	hns	[r]	15.539	137
b1238	tdk	[f]	23.456	205
b1241	adhe	[c]	96.126	891
b1243	oppa	[e]	60.898	543
b1244	oppb	[ep]	33.443	306
b1245	oppc	[ep]	33.022	302
b1246	oppd		37.188	337
b1247	oppf	[e]	37.197	334
b1251	ycii	[s]	10.602	98
b1252	tonb	[m]	26.094	239
b1253	ycia	[i]	14.23	132
b1256	ompw	[m]	22.928	212
b1258	ycif	[s]	18.597	166
b1260	trpa	[e]	28.724	268
b1261	trpb	[e]	42.983	397
b1262	trpc	[e]	49.361	452
b1263	trpd	[eh]	56.869	531
b1264	trpe	[eh]	57.494	520
b1267	ycio		23.211	206
b1269	rlub	[j]	32.711	291
b1271	ycik	[iqr]	27.933	252
b1272	sohb	[ou]	39.366	349
b1273	ycin		9.3855	83
b1274	topa	[l]	97.349	865
b1275	cysb	[k]	36.15	324
b1276	acna	[c]	97.676	891
b1277	riba	[h]	21.836	196
b1279	ycis	[s]	11.351	102
b1281	pyrf	[f]	26.35	245
b1284	ycit	[kg]	27.602	249
b1286	rnb	[k]	72.49	644
b1287	yciw	[s]	42.219	375
b1288	fabi	[i]	27.864	262
b1294	sapa	[e]	61.564	547
b1297	puua		53.177	472
b1298	puud		28.013	254
b1299	puur	[k]	20.091	185
b1300	puuc	[c]	53.418	495
b1302	puue	[e]	44.729	421
b1304	pspa	[kt]	25.493	222
b1305	pspb		8.763	74
b1323	tyrr	[ke]	57.655	513
b1324	tpx	[o]	17.835	168
b1329	mppa	[e]	59.899	537
b1333	uspe	[t]	35.706	316
b1334	fnr	[t]	27.967	250
b1344	ttca		35.561	311
b1376	uspf		16.016	144
b1377	ompn	[m]	41.219	377
b1378	ydbk	[c]	128.82	1174
b1380	ldha	[chr]	36.534	329
b1400	paay	[r]	21.324	196
b1406	ydbc	[c]	30.706	286
b1412	azor	[i]	21.657	201
b1413	hrpa		149.03	1300
b1414	ydcf	[s]	29.705	266
b1415	alda	[c]	52.272	479
b1421	trg	[nt]	58.898	546
b1422	ydci	[k]	33.401	307
b1424	opgd		62.757	551
b1426	ydch		8.8782	74
b1430	tehb	[qr]	22.53	197
b1431	ydcl		24.427	222
b1440	ydcs	[e]	42.295	381
b1441	ydct		37.04	337
b1444	prr		50.829	474
b1446	ydcy		8.7998	77
b1449	cura		37.609	345
b1452	ynce	[s]	38.612	353
b1470	yddj		12.871	111
b1478	adhp		35.379	336
b1479	maea		63.197	565
b1480	sra		5.0958	45
b1482	osmc	[o]	15.088	143
b1487	ddpa	[e]	57.641	516
b1492	gadc	[e]	55.076	511
b1493	gadb	[e]	52.668	466
b1498	yden	[p]	62.801	560
b1512	lsrr		33.796	317
b1516	lsrb	[g]	36.684	340
b1517	lsrf	[g]	31.892	291
b1537	ydej	[r]	18.321	172
b1538	dcp	[e]	77.515	681
b1539	ydfg	[r]	27.249	248
b1550	gnsb		6.5476	57
b1564	relb	[l]	9.0714	79
b1566	flxa		12.208	110
b1570	dica	[k]	15.656	135
b1583	ynfb		12.909	113
b1584	speg	[j]	21.887	186
b1602	pntb	[c]	48.722	462
b1603	pnta	[c]	54.623	510
b1604	ydgh		33.903	314
b1608	rsta	[tk]	26.704	239
b1611	fumc	[c]	50.488	467
b1612	fuma	[c]	60.298	548
b1613	mana		42.849	391
b1614	ydga	[s]	54.688	502
b1615	uidc		46.647	421
b1619	hdha	[iqr]	26.778	255
b1623	add	[f]	36.397	333
b1635	gsta		22.868	201
b1636	pdxy	[h]	31.322	287
b1637	tyrs	[j]	47.526	424
b1638	pdxh	[h]	25.545	218
b1641	slyb		15.601	155
b1642	slya	[k]	16.353	144
b1647	ydhf		33.675	298
b1650	nema	[c]	39.516	365
b1651	gloa	[e]	14.92	135
b1652	rnt	[l]	23.522	215
b1654	grxd		12.879	115
b1656	sodb	[p]	21.265	193
b1658	purr	[k]	38.174	341
b1661	cfa	[m]	43.909	382
b1662	ribc	[h]	23.445	213
b1664	ydhq	[mu]	42.876	418
b1667	ydhr		11.288	101
b1676	pykf	[g]	50.729	470
b1677	lpp	[m]	8.3234	78
b1678	ynhg	[s]	36.082	334
b1680	sufs	[e]	44.433	406
b1682	sufc	[o]	27.582	248
b1683	sufb	[o]	54.745	495
b1686	ydii	[q]	14.945	136
b1687	ydij	[c]	113.25	1018
b1688	ydik	[r]	39.841	370
b1693	arod	[e]	27.466	252
b1702	ppsa		87.434	792
b1703	ppsr		31.211	277
b1704	aroh	[e]	38.735	348
b1710	btue	[o]	20.469	183
b1712	ihfa	[l]	11.354	99
b1713	phet	[r]	87.377	795
b1714	phes	[j]	36.831	327
b1716	rplt	[j]	13.497	118
b1717	rpmi		7.2888	65
b1718	infc	[j]	20.564	180
b1719	thrs	[j]	74.013	642
b1723	pfkb		32.456	309
b1725	ynia	[g]	32.458	286
b1727	ynic	[r]	24.33	222
b1729	ydjn	[r]	48.661	463
b1732	kate		84.162	753
b1738	chbb	[g]	11.426	106
b1739	osme		12.021	112
b1740	nade	[h]	30.636	275
b1743	spy	[untp]	18.199	161
b1748	astc	[e]	43.665	406
b1749	xtha	[l]	30.969	268
b1754	ynjb	[r]	42.844	388
b1757	ynje		48.228	435
b1761	gdha	[e]	48.581	447
b1764	seld	[e]	36.687	347
b1765	ydja	[c]	20.059	183
b1766	sppa	[ou]	67.219	618
b1767	ansa	[ej]	37.127	338
b1768	pnca		23.362	213
b1770	ydjf		28.261	252
b1777	yeac		10.338	90
b1778	msrb		15.451	137
b1779	gapa	[g]	35.532	331
b1780	yead		32.666	294
b1782	mipa	[m]	27.831	248
b1783	yeag	[t]	74.479	644
b1787	yeak	[s]	17.85	167
b1805	fadd	[iq]	62.331	561
b1806	yeay	[m]	20.921	193
b1809	yoab		12.493	114
b1811	yoah		6.5542	59
b1814	sdaa	[e]	48.906	454
b1817	manx	[g]	35.047	323
b1818	many	[g]	27.635	266
b1819	manz		30.955	283
b1823	cspc	[k]	7.4023	69
b1825	yebo		10.792	95
b1827	kdgr	[k]	30.029	263
b1829	htpx	[o]	31.923	293
b1830	prc	[m]	76.662	682
b1831	proq		25.892	232
b1832	msrc		18.121	165
b1846	yebe	[s]	23.687	219
b1847	yebf		12.962	118
b1849	purt	[f]	42.433	392
b1850	eda	[g]	22.284	213
b1852	zwf	[g]	55.704	491
b1853	yebk	[k]	31.975	289
b1854	pyka	[g]	51.357	480
b1855	lpxm		37.41	323
b1857	znua		33.777	310
b1861	ruva	[l]	22.085	203
b1864	yebc	[s]	26.422	246
b1866	asps	[j]	65.913	590
b1867	yecd	[q]	20.452	188
b1870	cmoa		27.776	247
b1871	cmob		37.006	323
b1875	yecm		21.205	188
b1876	args	[j]	64.682	577
b1877	yect		18.885	162
b1881	chez	[nt]	23.976	214
b1882	chey	[t]	14.097	129
b1885	tap	[nt]	57.511	533
b1886	tar	[nt]	59.943	553
b1887	chew	[nt]	18.084	167
b1888	chea	[nt]	71.382	654
b1889	motb	[n]	34.186	308
b1890	mota	[n]	32.011	295
b1891	flhc		21.566	192
b1896	otsa	[g]	53.61	474
b1901	araf	[g]	35.54	329
b1905	ftna		19.424	165
b1908	yeca	[r]	25.039	221
b1914	uvry	[tk]	23.892	218
b1915	yecf		8.2385	74
b1917	yecc	[e]	27.677	250
b1918	yecs	[e]	24.801	222
b1919	dcyd		35.153	328
b1920	fliy	[et]	29.039	266
b1923	flic	[n]	51.294	498
b1927	amya	[g]	56.639	495
b1928	yedd		14.983	137
b1930	yedf	[o]	8.6389	77
b1938	flif	[nu]	60.588	552
b1939	flig	[n]	36.776	331
b1940	flih	[nu]	25.05	228
b1941	flii	[nu]	49.315	457
b1944	flil	[n]	17.221	154
b1946	flin	[nu]	14.855	137
b1955	yedp	[r]	30.439	271
b1958	yedi	[s]	32.19	305
b1967	hcha	[r]	31.19	283
b1976	mtfa		30.279	265
b1982	amn	[f]	53.994	484
b1983	yeen	[s]	25.867	238
b1990	erfk	[s]	34.411	310
b2000	flu		106.82	1039
b2007	yeex		12.778	109
b2012	yeed	[o]	8.1482	75
b2014	plap		49.537	452
b2016	yeez	[mg]	29.68	274
b2019	hisg	[e]	33.366	299
b2020	hisd	[e]	46.11	434
b2021	hisc	[e]	39.36	356
b2022	hisb	[e]	40.278	355
b2023	hish	[e]	21.653	196
b2024	hisa	[e]	26.032	245
b2025	hisf	[e]	28.454	258
b2026	hisi	[e]	22.756	203
b2027	cld		36.454	326
b2029	gnd	[g]	51.481	468
b2032	wbbk	[m]	43.188	372
b2033	wbbj	[r]	21.675	196
b2034	wbbi		37.757	330
b2036	glf	[m]	42.965	367
b2038	rfbc	[m]	21.27	185
b2039	rfba	[m]	32.693	293
b2040	rfbd	[m]	32.694	299
b2041	rfbb	[m]	40.558	361
b2042	galf	[m]	32.829	297
b2049	cpsb	[m]	53.016	478
b2065	dcd	[f]	21.249	193
b2066	udk	[f]	24.353	213
b2067	yege		123.89	1105
b2078	baes	[t]	51.991	467
b2080	yegp		12.024	110
b2081	yegq	[o]	51.193	453
b2091	gatd	[er]	37.39	346
b2092	gatc	[g]	48.364	451
b2093	gatb	[g]	10.222	94
b2094	gata	[gt]	16.907	150
b2095	gatz	[g]	47.108	420
b2096	gaty	[g]	30.812	284
b2097	fbab		38.109	350
b2103	thid	[h]	28.633	266
b2104	thim	[h]	27.339	262
b2105	rcnr		10.134	90
b2107	rcnb		12.466	112
b2113	mrp		39.938	369
b2114	metg	[j]	76.254	677
b2131	osmf		32.609	305
b2132	bglx	[g]	83.459	765
b2133	dld	[c]	64.612	571
b2134	pbpg	[m]	33.887	310
b2143	cdd	[f]	31.54	294
b2148	mglc	[g]	35.55	336
b2149	mgla	[g]	56.415	506
b2150	mglb	[g]	35.712	332
b2153	fole	[h]	24.83	222
b2154	yeig	[r]	31.259	278
b2155	cira	[p]	73.895	663
b2156	lysp	[e]	53.575	489
b2159	nfo	[l]	31.479	285
b2165	psug		32.909	312
b2167	frua	[g]	57.518	563
b2168	fruk	[g]	33.755	312
b2169	frub	[g]	39.647	376
b2171	yeip		21.532	190
b2175	spr	[m]	21.04	188
b2180	yejf	[r]	58.725	529
b2183	rsua	[j]	25.865	231
b2185	rply	[j]	10.693	94
b2186	yejk	[r]	37.822	335
b2187	yejl	[s]	8.2884	75
b2193	narp	[tk]	23.575	215
b2209	eco	[r]	18.192	162
b2210	mqo	[r]	60.229	548
b2215	ompc	[m]	40.368	367
b2216	rcsd	[t]	100.37	890
b2217	rcsb	[tk]	23.67	216
b2231	gyra	[l]	96.962	875
b2232	ubig	[h]	26.555	240
b2234	nrda	[f]	85.774	761
b2235	nrdb	[f]	43.517	376
b2249	yfay	[r]	44.225	400
b2253	arnb		41.649	379
b2254	arnc		36.339	322
b2255	arna		74.288	660
b2262	menb	[h]	31.633	285
b2266	elab	[s]	11.306	101
b2267	elaa	[r]	17.419	153
b2277	nuom	[c]	56.524	509
b2280	nuoj	[c]	19.874	184
b2281	nuoi	[c]	20.538	180
b2282	nuoh	[c]	36.219	325
b2283	nuog		100.3	908
b2284	nuof	[c]	49.292	445
b2285	nuoe	[c]	18.59	166
b2286	nuoc	[c]	68.235	596
b2287	nuob	[c]	25.056	220
b2288	nuoa		16.457	147
b2290	alaa		45.517	405
b2291	yfbr	[r]	22.708	199
b2293	yfbt	[r]	23.007	216
b2294	yfbu	[s]	19.536	164
b2296	acka	[c]	43.29	400
b2297	pta	[r]	77.171	714
b2299	yfcd	[lr]	20.376	180
b2300	yfce		20.122	184
b2302	yfcg	[o]	24.516	215
b2303	folx	[h]	14.082	120
b2304	yfch	[r]	32.698	297
b2306	hisp	[e]	28.653	257
b2308	hisq	[e]	24.649	228
b2309	hisj	[et]	28.483	260
b2310	argt	[et]	27.991	260
b2312	purf	[f]	56.487	505
b2314	dedd	[s]	22.938	220
b2315	folc	[h]	45.405	422
b2316	accd	[i]	33.322	304
b2319	usg	[e]	36.364	337
b2320	pdxb	[he]	41.367	378
b2323	fabb	[iq]	42.613	406
b2329	aroc	[e]	39.137	361
b2330	prmb		35.001	310
b2341	fadj		77.071	714
b2342	fadi		46.53	436
b2343	yfcz	[s]	10.318	94
b2344	fadl	[i]	48.541	446
b2346	mlaa		28.041	251
b2349	ints	[l]	44.061	385
b2351	gtrb		34.635	306
b2352	gtrs		51.483	443
b2369	evga	[tk]	22.69	204
b2379	alac		46.216	412
b2383	frya		92.129	831
b2388	glk	[g]	34.723	321
b2393	nupc	[f]	43.475	400
b2400	gltx	[j]	53.815	471
b2411	liga	[l]	73.605	671
b2412	zipa	[d]	36.475	328
b2414	cysk	[e]	34.489	323
b2415	ptsh	[g]	9.1193	85
b2416	ptsi	[g]	63.561	575
b2417	crr	[g]	18.251	169
b2418	pdxk	[h]	30.847	283
b2421	cysm	[e]	32.664	303
b2422	cysa	[p]	41.058	365
b2423	cysw		32.537	291
b2425	cysp	[p]	37.614	338
b2426	ucpa		27.85	263
b2428	murq		31.22	298
b2431	yfex		33.052	299
b2432	yfey		20.897	191
b2435	amia	[m]	31.412	289
b2450	yffs		29.751	269
b2457	eutm		9.8654	97
b2463	maeb	[c]	82.416	759
b2464	tala	[g]	35.658	316
b2465	tktb	[g]	73.042	667
b2471	yffb	[p]	13.6	118
b2472	dape	[e]	41.269	375
b2474	tmca		74.892	671
b2475	ypfj	[r]	31.46	287
b2476	purc	[f]	26.995	237
b2477	bamc		36.842	344
b2478	dapa	[em]	31.27	292
b2479	gcvr		20.768	190
b2480	bcp	[o]	17.634	156
b2494	yfgc	[r]	53.907	487
b2495	yfgd	[p]	13.398	119
b2497	uraa	[f]	45.06	429
b2498	upp	[f]	22.533	208
b2499	purm	[f]	36.854	345
b2500	purn	[f]	23.238	212
b2501	ppk	[p]	80.431	688
b2502	ppx		58.135	513
b2507	guaa	[f]	58.679	525
b2508	guab	[f]	52.022	488
b2511	der	[r]	55.035	490
b2512	bamb		41.887	392
b2513	yfgm	[s]	22.176	206
b2514	hiss	[j]	47.029	424
b2515	ispg	[i]	40.683	372
b2516	rodz		36.191	337
b2517	rlmn		43.085	384
b2518	ndk	[f]	15.463	143
b2520	yfhm	[r]	181.58	1653
b2521	ssea		30.811	281
b2522	sseb		28.642	258
b2523	pepb		46.18	427
b2524	iscx		7.7315	66
b2525	fdx	[c]	12.331	111
b2526	hsca	[o]	65.652	616
b2527	hscb	[o]	20.137	171
b2528	isca	[s]	11.556	107
b2529	iscu	[c]	13.848	128
b2530	iscs		45.089	404
b2531	iscr	[k]	17.336	162
b2532	trmj		27.048	246
b2533	suhb	[g]	29.172	267
b2551	glya	[e]	45.316	417
b2552	hmp	[c]	43.867	396
b2553	glnb	[e]	12.425	112
b2557	purl	[f]	141.4	1295
b2564	pdxj	[h]	26.384	243
b2567	rnc	[k]	25.55	226
b2568	lepb	[u]	35.96	324
b2569	lepa	[m]	66.57	599
b2571	rseb	[t]	35.749	318
b2572	rsea	[t]	24.321	216
b2573	rpoe	[k]	21.695	191
b2574	nadb	[h]	60.337	540
b2576	srmb	[lkj]	49.914	444
b2579	yfid	[r]	14.284	127
b2580	ung	[l]	25.693	229
b2581	yfif	[j]	37.784	345
b2582	trxc	[oc]	15.555	139
b2584	pka		97.986	886
b2585	pssa		52.801	451
b2587	kgtp	[gepr]	47.052	432
b2592	clpb	[o]	95.584	857
b2593	yfih	[s]	26.339	243
b2594	rlud	[j]	37.121	326
b2595	bamd		27.829	245
b2597	raia		12.784	113
b2599	phea	[e]	43.111	386
b2600	tyra	[e]	42.042	373
b2601	arof	[e]	38.804	356
b2606	rpls	[j]	13.133	115
b2608	rimm		20.605	182
b2609	rpsp	[j]	9.1904	82
b2610	ffh	[u]	49.787	453
b2614	grpe	[o]	21.798	197
b2617	bame		12.302	113
b2620	smpb	[o]	18.269	160
b2659	csid		37.36	325
b2661	gabd	[c]	51.719	482
b2662	gabt	[e]	45.774	426
b2665	ygau	[s]	16.063	149
b2669	stpa	[r]	15.347	134
b2672	ygam		12.288	113
b2679	prox	[e]	36.022	330
b2684	mpra	[k]	20.563	176
b2685	emra	[v]	42.736	390
b2687	luxs	[t]	19.416	171
b2688	gsha	[h]	58.269	518
b2690	yqab	[r]	20.78	188
b2696	csra	[t]	6.8558	61
b2697	alas	[j]	96.031	876
b2699	reca	[l]	37.973	353
b2700	ygad	[r]	17.582	165
b2708	gutq	[m]	34.031	321
b2741	rpos	[k]	37.971	330
b2742	nlpd	[m]	40.149	379
b2743	pcm		23.257	208
b2745	trud	[s]	39.091	349
b2746	ispf	[i]	16.897	159
b2750	cysc	[p]	22.321	201
b2751	cysn	[p]	52.558	475
b2752	cysd	[eh]	35.188	302
b2762	cysh	[eh]	27.975	244
b2763	cysi	[p]	63.997	570
b2764	cysj	[p]	66.269	599
b2765	qued		13.773	121
b2777	quee		25.029	223
b2779	eno	[g]	45.654	432
b2780	pyrg	[f]	60.373	545
b2784	rela	[tk]	83.875	744
b2785	rlmd		48.052	433
b2790	yqca	[c]	16.274	149
b2794	quef		32.587	282
b2795	ygdh	[r]	50.971	454
b2796	sdac	[e]	46.906	429
b2797	sdab		48.752	455
b2799	fuco	[c]	40.513	382
b2804	fucu	[g]	15.473	140
b2809	ygdi		8.1741	75
b2811	csde		15.94	147
b2813	mlta	[m]	40.41	365
b2817	amic		45.634	417
b2818	arga	[e]	49.195	443
b2821	ptra		107.71	962
b2827	thya	[f]	30.479	264
b2829	ptsp	[t]	83.715	748
b2834	tas	[c]	38.499	346
b2838	lysa	[e]	46.177	420
b2842	kdud	[iqr]	27.07	253
b2844	yqef	[i]	41.018	393
b2890	lyss	[j]	57.603	505
b2891	prfb	[j]	41.25	365
b2893	dsbc	[o]	25.621	236
b2897	cptb		10.547	88
b2898	ygfz	[r]	36.094	326
b2900	yqfb	[s]	11.905	103
b2901	bgla	[g]	55.36	479
b2903	gcvp	[e]	104.38	957
b2904	gcvh	[e]	13.811	129
b2905	gcvt	[e]	40.146	364
b2908	pepp	[e]	49.815	441
b2909	ygfb		21.229	192
b2910	zapa	[s]	12.594	109
b2913	sera	[he]	44.175	410
b2914	rpia	[g]	22.86	219
b2916	argp	[k]	33.471	297
b2922	ygge	[s]	26.635	246
b2924	mscs	[m]	30.896	286
b2925	fbaa	[g]	39.147	359
b2926	pgk	[g]	41.118	387
b2935	tkta		72.211	663
b2936	yggg	[o]	26.842	252
b2937	speb	[e]	33.557	306
b2938	spea	[e]	73.898	658
b2942	metk	[h]	41.951	384
b2943	galp		50.982	464
b2947	gshb	[hj]	35.56	316
b2948	yqge		20.686	187
b2951	yggs	[r]	25.787	234
b2954	rdgb		21.039	197
b2958	yggn		26.429	239
b2959	yggl		12.88	108
b2960	trmi		27.307	239
b2962	yggx	[co]	10.952	91
b2963	mltc	[m]	40.112	359
b2965	spec		79.415	711
b2976	glcb	[c]	80.488	723
b2977	glcg	[r]	13.737	134
b2988	gss	[e]	70.531	619
b2989	yghu		32.391	288
b3001	yghZ		38.832	346
b3003	ygha	[iqr]	31.488	294
b3005	exbd	[u]	15.527	141
b3006	exbb	[u]	26.287	244
b3008	metc	[e]	43.212	395
b3011	yqhd	[c]	42.097	387
b3012	dkga		31.109	275
b3018	plsc	[i]	27.453	245
b3019	parc	[l]	83.83	752
b3024	ygiw	[s]	14.011	130
b3028	mdab	[r]	21.891	193
b3029	ygin	[s]	11.532	104
b3030	pare	[l]	70.243	630
b3032	cpda	[r]	30.938	275
b3034	nudf	[lr]	23.667	209
b3035	tolc	[mu]	53.74	493
b3037	ygib		23.479	223
b3038	ygic	[e]	45.025	386
b3041	ribb		23.353	217
b3042	yqic		11.276	96
b3052	rfae	[m]	51.05	477
b3053	glne	[ot]	108.42	946
b3054	ygif	[s]	48.388	433
b3055	ygim		23.076	206
b3058	folb	[h]	13.619	122
b3064	ygjd	[o]	36.008	337
b3065	rpsu	[j]	8.4999	71
b3067	rpod	[k]	70.263	613
b3068	mug		18.673	168
b3070	yqjh	[p]	28.871	254
b3071	yqji	[k]	23.401	207
b3072	aer	[t]	55.065	506
b3073	pata		49.661	459
b3081	fadh	[c]	72.677	672
b3087	ygjr	[r]	36.214	328
b3089	sstt	[e]	43.477	414
b3092	uxac	[g]	53.987	470
b3098	yqjd	[s]	11.051	101
b3099	yqje	[s]	15.147	134
b3100	yqjk		11.811	99
b3113	tdcf		14.007	129
b3131	agar	[kg]	29.572	269
b3146	rsmi		31.348	286
b3147	lpoa		72.824	678
b3149	diaa		21.106	196
b3150	yrap	[r]	20.028	191
b3156	yhbs	[r]	18.534	167
b3162	dead	[lkj]	70.545	629
b3163	nlpi	[r]	33.62	294
b3164	pnp		77.1	711
b3165	rpso	[j]	10.269	89
b3166	trub	[j]	35.087	314
b3167	rbfa	[j]	15.154	133
b3168	infb	[j]	97.349	890
b3169	nusa	[k]	54.87	495
b3172	argg	[e]	49.898	447
b3175	secg	[u]	11.365	110
b3176	glmm	[g]	47.543	445
b3177	folp		30.615	282
b3178	ftsh	[o]	70.707	644
b3179	rlme		23.335	209
b3180	yhby	[j]	10.784	97
b3181	grea		17.641	158
b3183	obge	[r]	43.285	390
b3185	rpma	[j]	9.1244	85
b3186	rplu	[j]	11.564	103
b3187	ispb	[h]	35.217	323
b3189	mura	[m]	44.817	419
b3191	mlab		10.68	97
b3192	mlac		23.962	211
b3193	mlad		19.576	183
b3195	mlaf		29.096	269
b3197	kdsd	[m]	35.196	328
b3198	kdsc	[r]	19.997	188
b3199	lptc		21.702	191
b3200	lpta		20.127	185
b3201	lptb		26.8	241
b3202	rpon	[k]	53.989	477
b3203	hpf		10.75	95
b3204	ptsn	[gt]	17.959	163
b3205	yhbj	[r]	32.492	284
b3209	elbb	[q]	22.981	217
b3210	arcb	[t]	87.982	778
b3212	gltb	[e]	163.3	1486
b3213	gltd	[er]	52.015	472
b3225	nana	[em]	32.593	297
b3228	sspb	[r]	18.262	165
b3229	sspa	[o]	24.305	212
b3230	rpsi	[j]	14.856	130
b3231	rplm	[j]	16.018	142
b3232	yhcm	[r]	43.063	375
b3233	yhcb	[s]	14.961	132
b3234	degq	[o]	47.204	455
b3235	degs	[o]	37.581	355
b3236	mdh	[c]	32.337	312
b3237	argr	[k]	16.994	156
b3244	tldd	[r]	51.363	481
b3247	rng	[j]	55.364	489
b3248	yhde	[d]	21.515	197
b3250	mrec	[m]	39.53	367
b3251	mreb	[d]	36.952	347
b3253	yhdh	[cr]	34.723	324
b3255	accb	[i]	16.687	156
b3256	accc	[i]	49.32	449
b3259	prma	[j]	31.877	293
b3261	fis	[kl]	11.24	98
b3279	yrda		20.245	184
b3281	aroe	[e]	29.413	272
b3282	rimn		20.767	190
b3287	def	[j]	19.328	169
b3288	fmt	[j]	34.168	315
b3291	mscl	[m]	14.957	136
b3294	rplq	[j]	14.364	127
b3295	rpoa	[k]	36.511	329
b3296	rpsd	[j]	23.469	206
b3297	rpsk	[j]	13.845	129
b3298	rpsm	[j]	13.099	118
b3299	rpmj	[j]	4.3643	38
b3300	secy	[u]	48.511	443
b3301	rplo	[j]	14.98	144
b3302	rpmd	[j]	6.5417	59
b3303	rpse	[j]	17.603	167
b3304	rplr	[j]	12.769	117
b3305	rplf	[j]	18.904	177
b3306	rpsh	[j]	14.126	130
b3307	rpsn	[j]	11.58	101
b3308	rple	[j]	20.301	179
b3309	rplx	[j]	11.316	104
b3310	rpln	[j]	13.541	123
b3311	rpsq	[j]	9.7043	84
b3312	rpmc	[j]	7.2734	63
b3313	rplp	[j]	15.281	136
b3314	rpsc	[j]	25.983	233
b3315	rplv	[j]	12.226	110
b3316	rpss	[j]	10.43	92
b3317	rplb	[j]	29.86	273
b3318	rplw	[j]	11.199	100
b3319	rpld	[j]	22.086	201
b3320	rplc	[j]	22.243	209
b3321	rpsj	[j]	11.735	103
b3329	gsph	[nu]	18.565	169
b3336	bfr	[p]	18.495	158
b3339	tufa	[j]	43.283	394
b3340	fusa	[j]	77.58	704
b3341	rpsg	[j]	20.019	179
b3342	rpsl	[j]	13.737	124
b3346	yheo		26.82	240
b3347	fkpa	[o]	28.882	270
b3349	slyd	[o]	20.853	196
b3352	yhes	[r]	71.843	637
b3356	yhfa	[o]	14.517	134
b3357	crp	[t]	23.64	210
b3359	argd	[e]	43.766	406
b3363	ppia	[o]	20.431	190
b3380	yhfw	[g]	44.559	408
b3384	trps	[j]	37.437	334
b3385	gph	[r]	27.389	252
b3386	rpe	[g]	24.554	225
b3388	damx	[s]	46.161	428
b3389	arob	[e]	38.881	362
b3390	arok		19.538	173
b3396	mrca	[m]	93.635	850
b3397	nude	[lr]	21.153	186
b3398	yrff		79.489	711
b3401	hslo	[o]	32.534	292
b3403	pck	[c]	59.643	540
b3405	ompr	[tk]	27.353	239
b3407	yhgf		85.119	773
b3409	feob	[p]	84.473	773
b3414	nfua		20.997	191
b3416	malq	[g]	78.503	694
b3417	malp		90.521	797
b3418	malt	[k]	103.12	901
b3423	glpr	[kg]	28.048	252
b3428	glgp	[g]	93.171	815
b3429	glga	[g]	52.822	477
b3430	glgc	[g]	48.697	431
b3431	glgx	[g]	73.576	657
b3432	glgb	[g]	84.336	728
b3433	asd	[e]	40.017	367
b3438	gntr		36.422	331
b3439	yhhw	[r]	26.279	231
b3440	yhhx	[r]	38.765	345
b3447	ggt	[e]	61.767	580
b3448	yhha		16.624	146
b3449	ugpq	[c]	27.409	247
b3450	ugpc	[g]	39.523	356
b3453	ugpb	[g]	48.448	438
b3454	livf		26.31	237
b3455	livg	[e]	28.427	255
b3456	livm	[e]	46.269	425
b3458	livk	[e]	39.378	369
b3460	livj		39.076	367
b3462	ftsx	[d]	38.543	352
b3463	ftse	[d]	24.439	222
b3464	ftsy	[u]	54.513	497
b3469	znta	[p]	76.839	732
b3472	dcrb		19.787	185
b3481	nikr	[k]	15.094	133
b3486	rbba	[v]	100.78	911
b3487	yhii	[m]	38.828	355
b3493	pita	[p]	53.388	499
b3495	uspa	[t]	16.066	144
b3498	prlc	[e]	77.166	680
b3499	yhir	[r]	31.941	280
b3500	gor	[c]	48.772	450
b3506	slp		20.964	188
b3509	hdeb		12.043	108
b3510	hdea		11.857	110
b3517	gada	[e]	52.685	466
b3523	yhje	[gepr]	47.207	440
b3526	kdgk	[g]	33.962	309
b3528	dcta	[c]	45.436	428
b3530	bcsc		127.72	1157
b3540	dppf	[e]	37.56	334
b3541	dppd	[ep]	35.844	327
b3542	dppc	[ep]	32.308	300
b3543	dppb	[ep]	37.497	339
b3544	dppa	[e]	60.293	535
b3553	ghrb		35.395	324
b3554	yiaf		25.663	236
b3556	cspa	[k]	7.4032	70
b3559	glys	[j]	76.812	689
b3560	glyq	[j]	34.774	303
b3566	xylf	[g]	35.734	330
b3572	avta		46.711	417
b3588	aldb		56.306	512
b3590	selb	[j]	68.867	614
b3591	sela	[e]	50.607	463
b3592	yibf	[o]	22.545	202
b3599	mtla	[g]	67.971	637
b3600	mtld	[g]	41.139	382
b3602	yibl		13.696	120
b3605	lldd	[c]	42.728	396
b3607	cyse	[e]	29.316	273
b3608	gpsa	[c]	36.361	339
b3609	secb	[u]	17.277	155
b3610	grxc	[o]	9.1374	83
b3611	yibn	[p]	15.596	143
b3612	gpmm		56.193	514
b3613	envc		46.594	419
b3616	tdh	[er]	37.239	341
b3617	kbl	[h]	43.117	398
b3619	rfad	[mg]	34.893	310
b3620	rfaf	[m]	39.042	348
b3623	waau		41.729	357
b3636	rpmg	[j]	6.3715	55
b3637	rpmb	[j]	9.0064	78
b3639	dfp		43.438	406
b3640	dut	[f]	16.155	151
b3644	yicc	[s]	33.175	287
b3648	gmk	[f]	23.592	207
b3649	rpoz	[k]	10.236	91
b3650	spot	[tk]	79.342	702
b3655	yich		62.272	569
b3661	nlpa	[p]	29.423	272
b3670	ilvn	[e]	11.106	96
b3671	ilvb	[eh]	60.44	562
b3687	ibpa	[o]	15.774	137
b3697	yida	[r]	29.721	270
b3698	yidb		13.786	132
b3699	gyrb		89.949	804
b3701	dnan	[l]	40.586	366
b3702	dnaa	[l]	52.55	467
b3703	rpmh	[j]	5.3803	46
b3704	rnpa	[j]	13.789	119
b3705	yidc	[u]	61.525	548
b3706	mnme		49.23	454
b3708	tnaa		52.773	471
b3709	tnab	[e]	45.21	415
b3713	yief	[r]	20.375	188
b3714	purp		46.865	445
b3724	phou	[p]	27.417	241
b3725	pstb	[p]	29.027	257
b3728	psts	[p]	37.023	346
b3729	glms	[m]	66.894	609
b3730	glmu	[m]	49.19	456
b3731	atpc	[c]	15.068	139
b3732	atpd	[c]	50.325	460
b3733	atpg	[c]	31.577	287
b3734	atpa	[c]	55.221	513
b3735	atph	[c]	19.332	177
b3736	atpf	[c]	17.264	156
b3737	atpe	[c]	8.256	79
b3738	atpb	[c]	30.303	271
b3740	rsmg		23.431	207
b3741	mnmg		69.52	629
b3742	mioc	[c]	15.807	147
b3744	asna	[e]	36.65	330
b3748	rbsd	[g]	15.292	139
b3751	rbsb	[g]	30.95	296
b3752	rbsk	[g]	32.29	309
b3755	yiep		26.076	230
b3764	yife	[s]	13.133	112
b3770	ilve		34.093	309
b3771	ilvd		65.531	616
b3772	ilva	[e]	56.195	514
b3774	ilvc	[eh]	54.068	491
b3775	ppic	[o]	10.232	93
b3780	rhlb	[lkj]	47.125	421
b3781	trxa	[oc]	11.806	109
b3783	rho	[k]	47.004	419
b3785	wzze	[m]	39.489	348
b3786	rffe		42.244	376
b3791	rffa	[m]	41.901	376
b3802	hemy	[h]	45.244	398
b3803	hemx	[h]	42.962	393
b3807	cyay	[p]	12.231	106
b3809	dapf	[e]	30.208	274
b3812	yigb	[r]	27.122	238
b3813	uvrd	[l]	81.989	720
b3816	cora	[p]	36.589	316
b3820	yigi		17.163	155
b3821	plda	[m]	33.163	289
b3826	yigl		29.707	266
b3829	mete	[e]	84.672	753
b3830	ysga		29.425	271
b3831	udp	[f]	27.159	253
b3833	ubie		28.073	251
b3836	tata		9.6639	89
b3838	tatb		18.421	171
b3843	ubid	[h]	55.603	497
b3844	fre	[hc]	26.242	233
b3845	fada		40.876	387
b3846	fadb	[i]	79.593	729
b3847	pepq	[e]	50.176	443
b3850	hemg	[ch]	21.226	181
b3858	yihd	[s]	10.273	89
b3860	dsba	[oc]	23.104	208
b3863	pola	[l]	103.12	928
b3865	yiha	[r]	23.561	210
b3866	yihi	[s]	19.059	169
b3867	hemn	[h]	52.728	457
b3868	glng	[t]	52.254	469
b3869	glnl	[t]	38.556	349
b3870	glna	[e]	51.903	469
b3871	typa		67.355	607
b3885	yihx		22.732	199
b3886	rbn	[s]	32.929	305
b3887	dtd	[j]	15.95	145
b3891	fdhe	[o]	34.746	309
b3908	soda		23.097	206
b3910	yiim	[s]	25.342	224
b3912	cpxr	[tk]	26.312	232
b3916	pfka	[g]	34.842	320
b3917	sbp	[p]	36.659	329
b3919	tpia	[g]	26.972	255
b3923	uspd		16.293	142
b3924	fpr	[c]	27.751	248
b3925	glpx	[g]	35.852	336
b3926	glpk	[c]	56.23	502
b3928	zapb		9.6347	81
b3929	rraa	[h]	17.36	161
b3931	hslu	[o]	49.593	443
b3932	hslv	[o]	19.093	176
b3933	ftsn	[d]	35.793	319
b3936	rpme	[j]	7.871	70
b3938	metj	[ke]	12.141	105
b3939	metb	[e]	41.55	386
b3940	metl	[e]	88.887	810
b3941	metf	[e]	33.102	296
b3942	katg	[p]	80.023	726
b3947	ptsa	[g]	91.773	833
b3955	eptc		66.609	577
b3956	ppc	[c]	99.061	883
b3957	arge	[e]	42.347	383
b3958	argc	[e]	35.952	334
b3959	argb	[e]	27.159	258
b3960	argh	[e]	50.318	457
b3961	oxyr	[k]	34.276	305
b3962	stha	[c]	51.56	466
b3965	trma	[j]	41.966	366
b3966	btub	[h]	68.406	614
b3967	muri	[m]	31.002	285
b3972	murb	[m]	37.851	342
b3974	coaa	[h]	36.359	316
b3982	nusg	[k]	20.531	181
b3983	rplk	[j]	14.875	142
b3984	rpla	[j]	24.729	234
b3985	rplj	[j]	17.711	165
b3986	rpll	[j]	12.295	121
b3987	rpob	[k]	150.63	1342
b3988	rpoc	[k]	155.16	1407
b3990	thih	[hr]	43.32	377
b3991	thig		26.896	256
b3992	thif		26.969	251
b3993	thie	[h]	23.015	211
b3994	thic	[h]	70.85	631
b3995	rsd	[k]	18.243	158
b3997	heme	[h]	39.248	354
b3999	yjag	[s]	22.612	196
b4000	hupa	[l]	9.5349	90
b4005	purd	[f]	45.94	429
b4006	purh	[f]	57.329	529
b4013	meta	[e]	35.727	309
b4014	aceb	[c]	60.273	533
b4015	acea	[c]	47.521	434
b4019	meth	[e]	136	1227
b4021	pepe	[e]	24.57	229
b4024	lysc	[e]	48.531	449
b4025	pgi	[g]	61.529	549
b4033	malf	[g]	57.013	514
b4034	male	[g]	43.387	396
b4035	malk	[g]	40.99	371
b4036	lamb	[g]	49.912	446
b4037	malm		31.943	306
b4039	ubic		18.777	165
b4041	plsb		91.38	807
b4043	lexa	[kt]	22.357	202
b4045	yjbj	[s]	8.3252	69
b4049	dusa		36.81	330
b4051	qora		35.172	327
b4052	dnab	[l]	52.389	471
b4054	tyrb	[e]	43.537	397
b4055	apha	[r]	26.103	237
b4057	yjbr	[s]	13.519	118
b4058	uvra	[l]	103.87	940
b4059	ssb	[l]	18.975	178
b4064	yjcd	[r]	45.711	449
b4067	actp	[r]	59.196	549
b4068	yjch	[s]	11.671	104
b4069	acs	[i]	72.093	652
b4107	yjdn		16.171	147
b4108	yjdm		12.345	111
b4110	yjcz		32.898	292
b4111	prop	[gepr]	54.845	500
b4113	basr	[tk]	25.031	222
b4122	fumb	[c]	60.105	548
b4129	lysu	[j]	57.826	505
b4135	yjdc	[k]	21.931	191
b4136	dsbd		61.794	565
b4138	dcua	[r]	45.75	433
b4139	aspa		52.356	478
b4142	gros	[o]	10.387	97
b4143	grol	[o]	57.328	548
b4144	yjei		11.958	117
b4147	efp	[j]	20.591	188
b4153	frdb	[c]	27.123	244
b4154	frda	[c]	65.971	602
b4159	yjep	[m]	123.97	1107
b4160	psd	[i]	35.934	322
b4161	rsga		39.193	350
b4162	orn		20.815	181
b4168	yjee	[r]	16.853	153
b4172	hfq	[r]	11.166	102
b4173	hflx	[r]	48.327	426
b4174	hflk	[o]	45.544	419
b4175	hflc	[o]	37.649	334
b4177	pura	[f]	47.344	432
b4178	nsrr		15.593	141
b4179	rnr		92.108	813
b4180	rlmb	[j]	26.556	243
b4200	rpsf	[j]	15.703	135
b4202	rpsr	[j]	8.9863	75
b4203	rpli	[j]	15.769	149
b4207	fklb		22.216	206
b4208	cyca	[e]	51.659	470
b4211	qorb		29.733	286
b4213	cpdb	[f]	70.831	647
b4214	cysq	[p]	27.176	246
b4216	ytfj	[r]	20.42	184
b4218	ytfl	[r]	49.762	447
b4219	msra	[o]	23.315	212
b4222	ytfp	[s]	12.866	113
b4226	ppa	[c]	19.703	176
b4227	ytfq	[g]	34.344	318
b4232	fbp	[g]	36.833	332
b4233	mpl	[m]	49.874	457
b4234	yjga	[s]	21.359	183
b4235	pmba	[r]	48.369	450
b4242	mgta	[p]	99.465	898
b4243	rida		13.611	128
b4244	pyri	[f]	17.12	153
b4245	pyrb	[f]	34.427	311
b4252	taba		16.865	150
b4254	argi	[e]	36.907	334
b4255	rrab		15.603	138
b4258	vals	[j]	108.19	951
b4260	pepa	[e]	54.879	503
b4261	lptf		40.357	366
b4262	lptg		39.618	360
b4263	yjgr	[r]	54.332	500
b4269	yjgb		36.501	339
b4278	insg		50.385	442
b4295	yjhu	[k]	36.111	328
b4322	uxua	[g]	44.838	394
b4323	uxub	[g]	53.58	486
b4328	iada		41.083	390
b4349	hsdm	[v]	59.306	529
b4350	hsdr	[v]	134.09	1170
b4352	yjia		35.659	318
b4355	tsr	[nt]	59.442	551
b4359	opgb		85.493	763
b4360	yjja		17.352	164
b4371	rsmc	[j]	37.624	343
b4375	prfc	[j]	59.573	529
b4376	osmy	[r]	21.073	201
b4381	deoc	[f]	27.733	259
b4382	deoa	[f]	47.207	440
b4383	deob	[g]	44.369	407
b4384	deod	[f]	25.95	239
b4386	lpla	[h]	37.925	338
b4388	serb	[e]	35.042	322
b4389	rada	[o]	49.472	460
b4391	yjjk	[r]	62.442	555
b4392	slt		73.352	645
b4393	trpr	[k]	12.355	108
b4394	yjjx	[s]	18.212	170
b4395	ytjc	[g]	24.065	215
b4396	rob	[k]	33.144	289
b4397	crea	[s]	17.108	157
b4401	arca	[tk]	27.292	238
b4406	yaep		7.2141	66
b4411	ecnb		4.8095	48
b4469	ygiq		83.477	739
b4488	ilvg		59.284	548
b4517	gnsa		6.5755	57
b4519	icdc		6.064	54
b4537	yecj		9.1225	83
b4554	yibt		7.9952	69
b4558	yifl		7.1771	67
